well,dt,cutoff_init,cutoff,cutoff_ci_95_l,cutoff_ci_95_r,alpha,alpha_ci_lower,alpha_ci_upper,gamma,gamma_std,k_gtlf,c_gtlf
349-U1431E,1,0.6598181954367309,0.7127411131957186,0.6568398494156623,0.754667061030761,0.7981909547738691,0.7730653266331656,0.8233165829145727,0.26065289675825404,0.07678266253532057,0.6691817002201625,1.2356153022848964
349-U1431E,3,1.8518399562060597,2.3790999437369518,2.2363539471127347,2.47426394148643,0.7820100502512561,0.7568844221105526,0.8071356783919597,0.20620396804882443,0.08727215906508919,1.9640275627703172,1.1882386278900645
349-U1431E,8,4.620802472765002,6.281403361414925,5.862643137320596,6.560576844144476,0.789145728643216,0.7630150753768843,0.8152763819095475,0.15610916366073688,0.09174322989461951,5.095061810707299,1.147828882912006
349-U1431E,10,5.553145604427284,7.548807306018339,7.045553485617116,7.884309852952487,0.7801005025125627,0.7549748743718592,0.8052261306532662,0.14283459831705136,0.09294911259391342,6.392190455817309,1.1433558667530994
349-U1431E,20,9.395585435773198,13.623598881871136,13.055948928459838,14.191248835282433,0.8001005025125627,0.7769849246231154,0.8232160804020099,0.10462533553987646,0.07919321598918352,11.100412259483415,1.1150609071823099
349-U1431E,50,16.275651557173397,25.074675680270264,23.599694757901425,26.057996295182825,0.7660301507537686,0.746934673366834,0.7851256281407033,0.05868253294240306,0.09287601251855153,13.408945410516566,1.1124759346750546
349-U1431E,100,26.499205893260708,37.62335170053578,36.022358011151276,38.423848545228026,0.7570854271356782,0.7389949748743716,0.7751758793969847,0.030773657158400972,0.0920202943418781,8.53685459159746,1.0998787457307364
349-U1431E,250,36.99979112059391,46.58376479280331,45.63307571539916,46.58376479280331,0.8001005025125626,0.7789949748743716,0.8212060301507536,0.014626052869483245,0.06173344433326051,2.1266505180955564,1.094213837543368
349-U1431E,500,39.935728023966305,49.25406456289178,49.25406456289178,50.280190907952026,0.8520603015075376,0.8289447236180904,0.8751758793969848,0.009277555489439716,0.05576868747636233,6.170378511232027,1.0889942477759602
349-U1431E,1000,44.56392779849605,56.10722298518982,56.10722298518982,57.252268352234516,0.8690452261306532,0.8429145728643215,0.8951758793969848,0.005505023366952906,0.04347975963226599,3.7076345750899358,1.0916637708371608
349-U1433B,1,4.958040614462342,7.338933034532278,6.44028817316098,8.087803752341696,0.962110552763819,0.9470351758793969,0.9771859296482411,1.1815665855328283,0.03825867642422243,3.593619364393369,1.08826548474324
349-U1433B,3,13.237095427286354,19.59365896059782,17.994176596467387,21.99288250679347,0.9051256281407034,0.8870351758793968,0.92321608040201,0.8994365565413541,0.049166090186269315,8.80263060296648,1.090135850056875
349-U1433B,8,27.890802738698174,38.756594638982676,35.38645597472331,41.2841986371772,0.7519597989949747,0.7288442211055275,0.7750753768844219,0.47162596235303944,0.0853481478191669,8.44795086092513,1.1172347596982766
349-U1433B,10,29.73416984424845,40.41988713202524,37.72522798989022,44.01276598820526,0.7520603015075376,0.7289447236180903,0.7751758793969847,0.4120228721202287,0.08605921764079572,9.536130742795706,1.1204394740445454
349-U1433B,20,35.64446764429404,49.53095816405026,46.30067828378611,51.684478084226356,0.7350753768844219,0.7149748743718591,0.7551758793969847,0.2413466870967771,0.09452311851883144,4.814105560713671,1.132393550251344
349-U1433B,50,38.283956551332956,49.18424973608748,46.233194751922234,54.10267470969623,0.7601005025125627,0.7410050251256279,0.7791959798994973,0.10785239206744181,0.09147150306197925,10.886054226255764,1.1257103307656626
349-U1433B,100,37.57844867341096,52.21838596909399,48.81283905806611,54.488750576445895,0.7740703517587938,0.7529648241206028,0.7951758793969848,0.06066666705211164,0.10733466100407438,12.532788689635892,1.1253058842406876
349-U1433B,250,39.427192257810965,47.613810650231436,46.60075084916268,49.63993025236894,0.8740703517587939,0.8449246231155778,0.90321608040201,0.0358627891727222,0.07710627262809676,10.56900199544252,1.1496514528990631
349-U1433B,500,40.46372486050837,50.94495359173729,48.865567730850046,53.02433945262452,0.8660301507537687,0.8388944723618089,0.8931658291457285,0.021285858656108048,0.10727029740854767,11.758985981478821,1.167454891805037
349-U1433B,1000,44.768613920258126,55.21462383498502,52.91401450852731,58.665537824671574,0.976180904522613,0.9389949748743718,1.0133668341708542,0.017727404784398545,0.08333420360129491,9.870337851473124,1.2164336713169768
353-U1445A,1,4.165082184325108,5.136934694000967,4.922895748417593,5.6720320579594015,1.1472361809045228,1.1211055276381912,1.1733668341708543,1.3735902801795135,0.033360544674436346,2.427334722298794,1.1017220891485076
353-U1445A,3,9.000622403776326,11.100767631324135,9.944437669727872,12.025831600601146,1.0561809045226132,1.033065326633166,1.0792964824120603,1.0097310745653219,0.04426441526837997,6.496622548198606,1.1195769116404704
353-U1445A,8,12.7156330301928,18.821785974899967,16.132959407057115,21.89473062386323,0.8720603015075375,0.8348743718592964,0.9092462311557787,0.48823348689358836,0.11307584833736718,10.479245551459822,1.1382051410776581
353-U1445A,10,14.669861958500181,20.384995679832546,17.726083199854386,23.0439081598107,1.0055276381909546,0.9512562814070351,1.0597989949748743,0.5288197051334637,0.07495735100500049,9.37871007750331,1.1353062370422697
353-U1445A,20,12.932048154914137,22.900501940993784,17.512148543112893,25.145649190110824,0.9812060301507537,0.9309547738693467,1.0314572864321607,0.2755355825906305,0.09868368100047581,11.30056226328614,1.1282459559815086
353-U1445A,50,26.86877196158109,16.121263176948656,16.121263176948656,16.121263176948656,1.3047236180904522,1.2494472361809046,1.36,0.20998475051533655,0.07276687669620728,10.253325704465349,1.2615000697700747
353-U1445A,100,37.42433394806173,49.041470944439226,47.118276005441615,50.00306841393804,0.9708542713567839,0.9326633165829146,1.0090452261306533,0.0642635376690952,0.05894858629209055,0.46574016102258714,1.0964594707399544
353-U1445A,250,30.142873673713595,40.06490292464432,36.422639022403935,43.707166826884716,1.0171859296482413,0.9749748743718594,1.0593969849246232,0.04980051698892024,0.09150736713638824,3.921135202700838,1.207710838961604
353-U1445A,500,,,,,,,,,,,
353-U1445A,1000,49.21684553215708,50.03712629102637,48.99468615996332,51.079566422089414,1.1984924623115578,1.1231155778894473,1.2738693467336684,0.02298027596254887,0.020834099091705856,4.261921867172545,1.2680240025700997
355-U1456C,1,4.010182372432081,5.255009817207874,4.739812776305141,5.9762856744717,0.7620100502512561,0.7529648241206028,0.7710552763819094,0.8676963899912689,0.06307148201944503,2.4247018256711623,1.1555767316210879
355-U1456C,3,8.763803183023876,12.178034839743596,10.85433540064103,13.766474166666672,0.6550753768844217,0.6410050251256278,0.6691457286432158,0.5286041681849802,0.0984935055052994,5.539799504355162,1.1748727949650055
355-U1456C,8,12.888039687811359,18.298331348423837,16.741026552813295,20.634288541839645,0.6380904522613062,0.623015075376884,0.6531658291457283,0.28087381081184687,0.11702129481148092,9.258619225927974,1.1731014998087328
355-U1456C,10,13.547094516450644,18.824816755151208,17.187876167746754,21.280227636257887,0.6750753768844218,0.6589949748743715,0.691155778894472,0.2514960808381615,0.10530276440455189,10.634896345319776,1.1612077740374813
355-U1456C,20,15.525350350116707,27.41194671192481,24.366174855044274,31.066872940181447,0.6580904522613062,0.6410050251256278,0.6751758793969845,0.13979423819894785,0.12338606342452298,9.990102931647732,1.1511464443279908
355-U1456C,50,18.003890771303467,29.3813495226133,26.255674041484223,31.88188990751656,0.6821105527638187,0.6670351758793966,0.6971859296482409,0.06345776081156063,0.10645294237009385,16.424359223796916,1.1354422796392323
355-U1456C,100,23.632164302843442,46.36171121911995,37.089368975295955,51.92511656541434,0.7820100502512561,0.7609045226130652,0.8031155778894471,0.04625700912380456,0.09512170012436345,6.434949656528197,1.114400483652477
355-U1456C,250,32.22388764897074,66.26036897819608,60.621188639626205,70.48975423212349,0.740904522613065,0.7248241206030148,0.7569849246231154,0.021139601952067016,0.1241110187563249,6.119796400106018,1.1114121657148484
355-U1456C,500,65.88619186184995,39.531715117109975,39.531715117109975,39.531715117109975,1.3376884422110553,1.2753768844221107,1.4000000000000001,0.09308620248673057,0.05358430340672118,9.338962995037228,1.8695939678734699
355-U1456C,1000,,,,,,,,,,,
356-U1459C,1,1.0855637389202255,1.6724466352739724,1.4428951363147997,1.901998134233145,1.1236180904522612,1.0592964824120603,1.1879396984924624,0.4029760910836747,0.07285187949922613,1.3957893763753513,1.0792671168384957
356-U1459C,3,1.590362822580645,1.9614474811827955,1.6754030568436378,2.2883553947132613,0.9502512562814069,0.9070351758793969,0.993467336683417,0.2856169507001021,0.10262240927578244,3.2455254387537966,1.169651626124348
356-U1459C,8,2.8418140202020195,3.7772444685185183,3.1763192121632997,4.5498626552609425,1.0083417085427135,0.9570854271356783,1.0595979899497487,0.16248381550206253,0.08645505642534276,4.4285380516771395,1.1358011019162253
356-U1459C,10,3.426790739991913,4.226375245990027,3.521979371658355,5.106870088904616,1.1165829145728643,1.0492462311557789,1.1839195979899497,0.14918806984522193,0.06633825781359708,4.741023782917113,1.1157814853353498
356-U1459C,20,3.7347571254567593,4.606200454730003,3.8385003789416694,5.277938021044795,1.0824120603015075,1.0231155778894472,1.1417085427135678,0.08677785256735152,0.08063815840937381,5.835727370856469,1.1271784584880358
356-U1459C,50,4.425087176325525,5.002806891012469,4.206905794715031,6.0261083005377465,0.9551758793969849,0.9189949748743718,0.9913567839195979,0.03569482542279684,0.0937936194280124,8.868157442861541,1.1321258995442354
356-U1459C,100,6.975352203105329,9.2714056366275,7.796409285345852,12.432112103659602,0.9461306532663316,0.9109547738693466,0.9813065326633166,0.01737101971461384,0.08607498177973388,6.187881003426611,1.0990564320933087
356-U1459C,250,13.101888222122705,15.540295196795544,11.655221397596657,16.09530573953824,1.307638190954774,1.2352763819095478,1.3800000000000001,0.012095348773170917,0.04475643340056034,2.1391900982976866,1.0569466244040344
356-U1459C,500,9.12739172970247,18.768199244200705,17.170905691502774,20.365492796898636,0.9740703517587939,0.938894472361809,1.0092462311557788,0.0057875029469718385,0.08047919520005593,2.7052211912285173,1.100871759892374
356-U1459C,1000,12.488999595414699,17.35450568779501,13.959058922791638,19.618136864463924,1.1366834170854272,1.0773869346733669,1.1959798994974875,0.005157503131791288,0.05814842351895889,2.601212343486439,1.1502593442484623
356-U1461D,1,1.4486554429602336,2.728301084241773,2.5577822664766625,2.898819902006884,1.0291457286432162,0.9889447236180905,1.0693467336683418,0.5078165136384416,0.07355268024824822,0.9320584645358295,1.0939868370981651
356-U1461D,3,3.304741499001688,5.163658592190138,4.819414686044128,5.622650467051484,0.9651256281407035,0.9229145728643215,1.0073366834170854,0.3683254499082813,0.06946017967108169,2.6965491103914165,1.1158270035953577
356-U1461D,8,5.9087855825391955,8.746233659154372,7.853760836791681,9.460211917044525,0.9322613065326633,0.8930653266331657,0.9714572864321607,0.22307122860639506,0.07576123520670397,3.141632931092918,1.1299224367396068
356-U1461D,10,6.740199338868389,9.773289041359163,8.958848287912566,10.180509418082462,0.9170854271356783,0.878894472361809,0.9552763819095477,0.19373741276648168,0.08194197439699619,3.3020205763464103,1.132441170073428
356-U1461D,20,8.514700785340317,13.117960897414925,12.34631613874346,13.889605656086392,0.8951758793969848,0.8650251256281406,0.925326633165829,0.10377051952830108,0.07993462636443419,2.5643846452703345,1.1222099018370524
356-U1461D,50,9.968652289603959,13.852273077428835,12.948863963683475,14.755682191174195,1.0044221105527638,0.96321608040201,1.0456281407035175,0.051065963180112875,0.06464060652031059,2.233476717089374,1.113002422730848
356-U1461D,100,9.293776566884938,14.037475022899127,13.475976021983161,14.598974023815092,0.9689447236180905,0.9307537688442211,1.0071356783919598,0.02765240345748353,0.09288233329008942,2.894288550638479,1.1264603621244107
356-U1461D,250,9.737524457215837,13.010414622002273,12.259813778425219,13.761015465579327,1.0341708542713568,0.9909547738693467,1.0773869346733669,0.012916235016439986,0.06251240045573975,4.090749785336866,1.1308797310072958
356-U1461D,500,12.627788892583968,7.576673335550382,7.576673335550382,7.576673335550382,1.3939698492462314,1.3879396984924626,1.4000000000000001,0.01398117813686805,0.060041907801999896,3.940260075546732,1.4592870945031982
356-U1461D,1000,10.411575716358358,8.502786835025994,8.329260573086687,8.849839358904605,1.3409045226130654,1.3218090452261309,1.36,0.008654409872025993,0.08231794133402079,4.069272956213909,1.563776155333555
356-U1462A,1,1.2603000390777659,1.713220365621338,1.5990056745799155,1.865506620343235,0.7860301507537686,0.766934673366834,0.8051256281407033,0.4969282751435699,0.0934722080983483,0.8295749806093176,1.235174912267984
356-U1462A,3,2.6758186864738067,3.9607691182075833,3.7182730497458945,4.203265186669272,0.7110552763819092,0.6909547738693465,0.731155778894472,0.3185978631782829,0.10815433003762291,1.9408754567242388,1.2367817624230528
356-U1462A,8,4.752839072588536,7.921398454314227,7.261281916454708,8.416485857708867,0.7601005025125626,0.7389949748743716,0.7812060301507535,0.17562731661868075,0.09361545139984806,2.0324317728335415,1.1832345650233658
356-U1462A,10,5.584917831278137,9.11427562743307,8.338592595311106,9.50211714349405,0.8110552763819094,0.7849246231155778,0.837185929648241,0.15987596467660634,0.08385390931819613,1.922192477617469,1.1643498510065222
356-U1462A,20,5.849837144538146,8.128836198764464,7.598694707540695,8.835691520396157,0.7710552763819094,0.7509547738693465,0.7911557788944722,0.08848057649985971,0.10358678826035536,3.916148983668806,1.189948951590296
356-U1462A,50,6.366338626948119,8.506135776561237,7.85181763990268,8.996874379055154,0.8540703517587938,0.826934673366834,0.8812060301507536,0.040519526631964876,0.08956596326332719,4.34773949000131,1.1675978469611934
356-U1462A,100,6.798591153616258,9.241834849447102,8.625712526150629,10.063331280509066,0.9130653266331658,0.8829145728643215,0.94321608040201,0.02259886297617076,0.08969826285662763,4.586178746370814,1.15167505628403
356-U1462A,250,8.60599316081331,11.056310657989322,10.614058231669748,11.71968929746868,1.1965829145728644,1.1212060301507538,1.271959798994975,0.013019704554028514,0.03371976392162642,2.5166862300847903,1.1230775304449614
356-U1462A,500,9.18043048278848,11.086644867756366,10.143100623691994,11.558416989788551,1.1956783919597989,1.131356783919598,1.26,0.008483047463100793,0.07971106894233024,2.179346694323952,1.183145965509422
356-U1462A,1000,8.325469312940035,8.993241330748766,8.28788906951357,9.522255526675165,1.194673366834171,1.1293467336683418,1.26,0.005193333669049491,0.08659314398356016,3.42326603572829,1.2862527848500618
356-U1463B,1,1.7865858148539253,2.111645178389848,1.8362131985998678,2.3411718282148315,0.6849246231155776,0.6728643216080399,0.6969849246231152,0.5658201468789688,0.09930592499473519,1.3572860859721152,1.2568321574365349
356-U1463B,3,4.200500880591759,5.963836146090175,5.202495361482919,6.725176930697431,0.6240201005025121,0.60894472361809,0.6390954773869343,0.3432555196414151,0.10737152699568688,3.007376535238777,1.2280850062733393
356-U1463B,8,8.14151637261821,11.559257099873562,10.329548897759354,12.788965301987771,0.5960804020100499,0.583015075376884,0.6091457286432157,0.17849047080631616,0.12228536898856648,3.786065408037629,1.2108579463483988
356-U1463B,10,8.634106073446333,11.476165989289084,10.432878172080985,13.041097715101232,0.6060301507537684,0.5929648241206027,0.6190954773869343,0.1505700305306875,0.11406084166307158,5.364795264296464,1.2019409863975
356-U1463B,20,8.782193905031894,11.93829483965273,10.346522194365699,14.060658366702103,0.5930653266331655,0.5810050251256278,0.6051256281407031,0.08423090866396396,0.12067353773794887,7.348425811102248,1.2092117159314473
356-U1463B,50,10.616005193409741,13.911390138864014,12.274756004880011,15.548024272848014,0.590050251256281,0.5769849246231151,0.6031155778894468,0.03649049550707478,0.13129104478077164,8.618167490549355,1.2010788001574344
356-U1463B,100,11.911673960612694,14.078936861779725,12.548617637673233,16.221383775528814,0.5871356783919593,0.5750753768844217,0.599195979899497,0.020504687855245687,0.14122141156780668,13.007060940457588,1.198735659654738
356-U1463B,250,20.085375964506174,36.26526215813615,29.98858216922797,36.96267104579262,0.6270351758793966,0.6129648241206027,0.6411055276381906,0.010499587868615204,0.1498205976379158,1.823884445820443,1.1532633134895849
356-U1463B,500,35.414133347566185,33.75409584689902,32.25391380925907,36.00436890335896,1.2853266331658293,1.1848241206030152,1.3858291457286434,0.03287465022277351,0.04793958546868027,2.7805952334348953,1.2652911884859672
356-U1463B,1000,33.04511813246471,35.695611982672816,32.895956140894555,36.39552594311738,1.2285427135678393,1.14713567839196,1.3099497487437186,0.011211645734435737,0.030259464348522686,3.1433437741524903,1.1455326257809153
356-U1464C,1,1.1841977147520923,1.6455414077909285,1.3593602933925062,1.895949882889548,0.94,0.9088442211055276,0.9711557788944724,0.5018283293148557,0.09829495672329426,1.2806742106363818,1.158102878644597
356-U1464C,3,2.2258809552969994,3.160287231322719,2.689606154317208,3.49648800061237,0.9821105527638191,0.9368844221105528,1.0273366834170854,0.2998026616425102,0.07645458882818043,3.1665098537112732,1.1235480150523052
356-U1464C,8,4.58014196975889,6.001894372871546,5.178104949144079,7.061052203378289,1.105427135678392,1.0390954773869348,1.1717587939698493,0.18586608146144679,0.054672173861748184,5.156464460904292,1.0846739089306354
356-U1464C,10,3.9735992845461983,6.00179058603332,5.041504092267989,6.962077079798652,0.9130653266331659,0.8728643216080402,0.9532663316582914,0.1508989422503356,0.09893700817495674,5.769719754707446,1.1287246267585123
356-U1464C,20,5.523650184350677,14.873578881819268,11.70898763036836,16.455874507544724,0.955075376884422,0.918894472361809,0.9912562814070351,0.07927406260071362,0.07094337617729558,2.3832110554845873,1.0718160574038702
356-U1464C,50,7.012591034624898,12.418129957148258,11.200666235859213,13.635593678437303,0.9901507537688442,0.9509547738693467,1.0293467336683417,0.0339752793494945,0.07544937134682608,3.710439787279286,1.0766069576476143
356-U1464C,100,10.72995853810912,15.558439880258225,14.26190322357004,16.85497653694641,0.9941708542713568,0.9549748743718594,1.0333668341708542,0.018208513409298556,0.0596955453894991,4.930992360803192,1.0635558969685717
356-U1464C,250,18.42422407566638,22.72320969332187,21.30300908748925,23.67001009721028,0.9560804020100502,0.9209045226130653,0.9912562814070351,0.008780195925085206,0.05550084771791051,3.9290070621142803,1.0642504553870504
356-U1464C,500,20.801052975920037,27.258046503861877,25.120160503558985,27.7925180039376,0.7370854271356782,0.7210050251256279,0.7531658291457284,0.004945150730779765,0.03867972948066377,2.4425858301355543,1.1249648167611956
356-U1464C,1000,25.14178980010251,31.654211741379065,29.716198777621166,33.59222470513697,0.6189949748743715,0.60894472361809,0.629045226130653,0.0029185815114531883,0.05830295794308778,4.496749730629091,1.1761784918504468
359-U1466B,1,0.6767371886120996,1.042598231205516,0.9403827183422302,1.1243706414961447,1.11356783919598,1.04321608040201,1.1839195979899497,0.24233300237648422,0.0661074756034184,0.2358216400861433,1.1080261325526757
359-U1466B,3,1.5856867319679429,2.077910321682992,1.955680302760463,2.281627019887207,1.0291457286432162,0.9748743718592965,1.0834170854271357,0.21011202175745133,0.08358351173274436,0.5458798783601931,1.1728066900539846
359-U1466B,8,2.871483712628291,3.9901659090063957,3.5564522232448312,4.163651383311022,1.1025125628140704,1.0391959798994974,1.1658291457286432,0.13565193510544682,0.07244146886868065,0.3955950285517993,1.1504739788401261
359-U1466B,10,3.2635890576150066,4.108949278788893,3.9412370633281224,4.276661494249664,1.072361809045226,1.0050251256281406,1.1396984924623115,0.12407764363834649,0.08803392981979691,0.7154855193324711,1.1695779690276993
359-U1466B,20,2.8818529834006283,3.480237734815064,3.2580949006779325,3.77642818033124,0.9722613065326633,0.9290452261306532,1.0154773869346734,0.06748112315965117,0.11785072722556171,1.4560852770549833,1.2292305863649773
359-U1466B,50,3.1835456116416556,4.00817235687939,3.762774049315346,4.253570664443434,1.1246231155778894,1.065326633165829,1.1839195979899497,0.027448138375494265,0.09576302629910972,0.8577372051010331,1.174855981103567
359-U1466B,100,3.0511182410423454,3.684649042480999,3.3710618899294245,3.9982361950325735,1.3295477386934675,1.239095477386935,1.4200000000000002,0.01365913198806376,0.05971977725564771,1.0685866091760612,1.127987720473385
359-U1466B,250,3.829375387693847,4.427715292021011,4.230927945708967,4.624502638333056,1.226532663316583,1.1431155778894473,1.3099497487437186,0.0056591604800323506,0.06461733299913472,0.33168755555381235,1.1522253412253152
359-U1466B,500,3.2281740423098912,4.147306929356457,3.7325762364208117,4.479091483704973,1.1133668341708542,1.055075376884422,1.1716582914572864,0.0028303178784229214,0.08638713926887333,0.7778160905612929,1.1815899717494385
359-U1466B,1000,3.7938504403522817,4.7765630891379764,4.679082209767814,4.971524847878302,1.4144723618090453,1.3089447236180907,1.5200000000000002,0.001808834555846957,0.04869766752539841,0.3215845830800128,1.1459720689939368
359-U1467C,1,0.5673708680403332,0.728913962412928,0.6414442869233767,0.8018053586542209,0.8001005025125627,0.7749748743718592,0.8252261306532662,0.3102778451569257,0.12493820333641593,0.40051072594346937,1.313960001965889
359-U1467C,3,1.2843142105263154,1.682986746710526,1.5509877861842103,1.8149857072368418,0.8990954773869346,0.8649246231155778,0.9332663316582914,0.16302105414670462,0.08646835738711495,0.6489729449601592,1.1968385721584769
359-U1467C,8,1.8411702085620196,2.6696968024149283,2.4472220688803508,2.8365528525658616,0.866934673366834,0.8367839195979898,0.8970854271356783,0.0951759036513562,0.1013546489906209,1.1590721749469892,1.200945838028747
359-U1467C,10,2.101542323742587,2.793300005307856,2.6663318232484077,3.0472363694267517,0.8270351758793968,0.8009045226130652,0.8531658291457285,0.08350614057833959,0.10707202489737914,1.4829581865397004,1.2174731432585668
359-U1467C,20,2.227903059652212,3.028555721714726,2.8266520069337444,3.2304594364957078,0.922110552763819,0.8889447236180904,0.9552763819095477,0.04473302103711975,0.08053995553015669,1.8792167737486607,1.1698618178334976
359-U1467C,50,2.1031554176822516,2.5398522717704415,2.3236946316197655,2.7560099119211174,0.9260301507537687,0.8908542713567839,0.9612060301507537,0.018862294724207775,0.09838068283098929,3.2017072309400785,1.1678909025921267
359-U1467C,100,2.586267600268877,2.8484863986294715,2.5745934756843303,3.0676007369855847,1.092462311557789,1.0412060301507537,1.1437185929648241,0.010445776482884183,0.0636198234369911,5.124738830687761,1.1039740673162546
359-U1467C,250,2.321844516577788,2.4588978387368936,2.262186011637942,2.704787622610583,0.970251256281407,0.9330653266331658,1.0074371859296483,0.004072930910711894,0.08334289130503286,4.7423060253589195,1.1444589341141431
359-U1467C,500,2.886184297317253,2.9954183557921072,2.7508944083805065,3.3010732900566078,1.0242211055276382,0.9810050251256281,1.0674371859296483,0.002303593563775677,0.07616232140425924,5.296445707143008,1.1255351691219895
359-U1467C,1000,2.9007565815324168,2.703343980844794,2.3347061652750494,3.071981796414539,1.2935678391959802,1.20713567839196,1.3800000000000001,0.0014864759275015676,0.07959195840221955,5.604470410933703,1.1259080105601715
359-U1468B,1,0.3960273818597561,0.5503130493759528,0.49049641357421886,0.6220930123380336,0.9398994974874372,0.8926633165829145,0.9871356783919598,0.2035524838203496,0.09674368373022253,0.5398197592094488,1.178817388988936
359-U1468B,3,0.7683163171940528,1.0676395491009028,0.9748013274399546,1.1836873261770877,0.9851256281407035,0.9409045226130653,1.0293467336683417,0.12462726172556603,0.08498211127124558,1.0997225232995085,1.1520644608212567
359-U1468B,8,1.3323590154550657,1.8916722271513067,1.730678846117153,2.0526656081854604,1.02321608040201,0.972964824120603,1.073467336683417,0.07256564699909762,0.08284166535244003,1.7185305544323717,1.1274141469111099
359-U1468B,10,1.5251309982821148,2.1192966163628557,1.9350099540704333,2.303583278655278,0.9991959798994975,0.9549748743718594,1.0434170854271356,0.06578299321787323,0.08519781110541046,1.8338336455149795,1.1376018543436253
359-U1468B,20,1.6459027921208644,2.2871190882179513,2.137959147681998,2.585438969289858,1.085427135678392,1.0291457286432162,1.1417085427135678,0.03607889334606584,0.08725754142245297,2.0445424322851857,1.1166470811630753
359-U1468B,50,1.6939050201961916,2.6467265940565494,2.4114620079181894,2.8819911801949094,0.9571859296482412,0.9230150753768844,0.9913567839195979,0.014440744279040435,0.09420109912944125,1.4008171197865182,1.1517495024362008
359-U1468B,100,1.7695700330161197,2.5658765478733736,2.352053502217259,2.7262438321154594,1.0542713567839197,1.0050251256281406,1.1035175879396986,0.0073279556902033785,0.07470629017525074,1.769192963653901,1.1205223741560668
359-U1468B,250,1.6267646329265852,2.260525021170901,2.113099476311929,2.407950566029873,0.9411055276381909,0.9069346733668341,0.9752763819095477,0.0030246645949374698,0.09960169507062024,1.686650169797885,1.1760247413117042
359-U1468B,500,1.5967357970098968,2.2670321784630096,2.0740932696576473,2.4599710872683724,0.9762814070351757,0.9411055276381909,1.0114572864321607,0.0014977965206127743,0.09237327554936496,1.9592134052771646,1.1545229162955073
359-U1468B,1000,1.7783468580842552,2.4711611548795798,2.3637193655369892,2.6323238388934653,0.9941708542713568,0.9549748743718594,1.0333668341708542,0.0008836619193489976,0.11495761069329094,1.4709831337121775,1.1833320898946784
359-U1471E,1,0.5658590021691974,0.7692145810737527,0.7350272663593637,0.8034018957881417,0.8570854271356783,0.826934673366834,0.8872361809045225,0.27418425071212243,0.10137458872225846,0.28197558150034824,1.263707509217904
359-U1471E,3,1.2697348729076257,1.6876892685730522,1.61097612000155,1.8027589914303057,0.9370854271356783,0.898894472361809,0.9752763819095477,0.1601705076805054,0.08212315541322432,0.5454752435276633,1.1852568011143307
359-U1471E,8,2.0441700015511093,2.8405445646553957,2.6552916582648267,2.9640465022491087,0.8661306532663315,0.8329648241206029,0.8992964824120602,0.1019626091918384,0.10525239453899715,0.9183044643114662,1.2151950490964158
359-U1471E,10,2.384043196276183,3.1687907483837603,3.0247548052754074,3.384844663046289,0.8510552763819095,0.8229145728643215,0.8791959798994974,0.08871864832184806,0.10838315355844506,1.082956107789844,1.2141986366241548
359-U1471E,20,2.4723458896658896,3.435530642514893,3.286159745014245,3.659586988765864,0.8970854271356783,0.866934673366834,0.9272361809045225,0.04532117749631318,0.09171957115047452,1.1795676523454088,1.1837282812685492
359-U1471E,50,2.517694254488681,3.498545974466563,3.270379932653526,3.7267120162796,0.9601005025125628,0.9269346733668341,0.9932663316582915,0.019281418471120266,0.09441465993214218,0.9610883173450105,1.1761894128955515
359-U1471E,100,2.659819386309992,3.4171290726899204,3.2804439097823233,3.553814235597517,0.9830150753768844,0.9468341708542714,1.0191959798994974,0.009891390064978956,0.09095631269960905,1.0784274326365293,1.1729598107639148
359-U1471E,250,2.487955825946817,3.6075359476228845,3.4572219498052643,3.6826929465316947,0.9901507537688442,0.9509547738693467,1.0293467336683417,0.0041592872413204,0.08276623671987858,0.9114756286676426,1.177008279820338
359-U1471E,500,2.826350898404702,3.7036973231178285,3.6310758069782634,3.776318839257394,0.9970854271356784,0.9568844221105528,1.037286432160804,0.0022417844077084977,0.10619392012611659,0.7165851794251381,1.1916799259994983
359-U1471E,1000,2.8686826764436297,4.3329061258784,3.7262992682554237,4.506222370913536,1.1204020100502512,1.0651256281407036,1.175678391959799,0.0011837197632974293,0.08849282910879529,0.5590480829939521,1.14184626648015
367-U1499B,1,2.4022834696712465,3.338173071397336,3.0478971521453935,3.628448990649278,1.00321608040201,0.9831155778894473,1.023316582914573,0.7964942538996849,0.06042179830708317,2.0300332165140063,1.1151191394502524
367-U1499B,3,5.121700617569864,7.581183934965393,6.962311777009035,8.045338053432662,0.8470351758793968,0.8188944723618089,0.8751758793969848,0.5798321215846006,0.10390361865166614,5.463768363528267,1.1504900935322255
367-U1499B,8,7.808081582200246,13.013469303667076,11.929013528361486,14.097925078972665,0.7840201005025125,0.7568844221105526,0.8111557788944722,0.31090964819998307,0.11599795796228309,8.663327887609244,1.1527477135532331
367-U1499B,10,8.617480123647608,14.362466872746012,13.16559463335051,15.559339112141512,0.7999999999999998,0.7708542713567837,0.8291457286432159,0.27553245717640507,0.11686428732797968,8.619069923061897,1.1509999433499158
367-U1499B,20,11.925763699690407,16.932099919456277,15.491070139077017,19.093644590025164,0.8390954773869346,0.8089447236180903,0.8692462311557787,0.15878135744548205,0.09884663448296861,9.081938684966822,1.1377656979019117
367-U1499B,50,13.321856594090205,21.277965393338523,18.502578602903064,24.05335218377398,0.8380904522613064,0.8129648241206029,0.8632160804020099,0.07106006607188534,0.09707401856522895,9.042049949345778,1.130900416201728
367-U1499B,100,16.156864843260188,24.891669899147725,23.42745402272727,26.355885775568183,0.9131658291457285,0.8830150753768844,0.9433165829145728,0.04886202898920998,0.08784330742470833,5.773844094195288,1.1411785691162963
367-U1499B,250,25.071417287319427,38.62565225827649,37.11092079716761,39.383017988830936,1.0442211055276382,0.9969849246231156,1.0914572864321608,0.030042133912327056,0.04398040909657141,3.060584405631201,1.1159664374430531
367-U1499B,500,35.590900133779265,41.15197827968228,40.23748987346712,42.06646668589744,1.0442211055276382,0.9969849246231156,1.0914572864321608,0.018297667167714953,0.07551121394919398,3.679665707708928,1.1341742771815388
367-U1499B,1000,41.03349467153285,44.324722889978716,43.45561067644972,46.06294731703671,1.0583919597989948,1.0051256281407035,1.1116582914572863,0.012003975787535407,0.06818808439876141,6.36088656566858,1.1566968147627785
367-U1500B,1,2.6148293854122935,3.4937025955092027,3.2249562420084947,3.695262360634734,1.1693467336683419,1.1412060301507538,1.1974874371859299,0.9798957857313191,0.05455033195995607,3.4925575456797007,1.0812952412532946
367-U1500B,3,6.091478644447561,6.886755023028214,6.260686384571104,7.356306501871047,1.1304522613065326,1.0952763819095477,1.1656281407035176,0.8553068793876821,0.06410828837634894,9.169821336558138,1.1127328029971608
367-U1500B,8,8.219980703475334,10.982807551032323,9.92676836343306,11.827638901111733,0.9149748743718593,0.8707537688442211,0.9591959798994975,0.4173691786585622,0.09412156895101252,15.55787831499234,1.1342015382853186
367-U1500B,10,9.245998710400894,12.116110810087838,11.165827609296635,13.06639401087904,0.9452261306532662,0.8989949748743717,0.9914572864321607,0.37619161231119275,0.08920299666203034,15.777388939311795,1.1328084513402126
367-U1500B,20,10.798488110612018,15.005399103704615,13.700581790338997,16.63642074541164,0.9199999999999999,0.8808040201005025,0.9591959798994975,0.2081304853292989,0.09661210107972149,15.473280187210541,1.136417376200581
367-U1500B,50,12.455726007893999,10.794962540174799,9.756985372850298,12.040535140964199,1.1628140703517587,1.1256281407035176,1.2,0.15149834185135314,0.0750641511085681,13.49318639291967,1.2528669192711486
367-U1500B,100,12.605209923339007,15.870309438203904,14.898657839946523,17.489728768632872,0.9960804020100502,0.9568844221105528,1.0352763819095476,0.05854428669631999,0.09012265896796216,17.120870907230504,1.1537886984445345
367-U1500B,250,15.534467638526248,24.811996922646088,23.193823210299605,25.890779397543746,0.9370854271356783,0.9049246231155779,0.9692462311557788,0.0232253659209746,0.10002206295254122,12.513840880775389,1.1368711551442505
367-U1500B,500,22.11986520168573,13.27191912101144,13.27191912101144,13.640583541039534,1.2496482412060304,1.1792964824120604,1.32,0.026441399149568095,0.05842277988081462,13.118060924818192,1.4287657550421484
367-U1500B,1000,24.610720865885416,14.76643251953125,14.76643251953125,14.76643251953125,1.2376884422110552,1.1753768844221106,1.3,0.014194191268527669,0.06236529576044992,13.749399626260265,1.4209590890756263
368-U1501D,1,2.863483599088842,4.065550151623012,3.6330448163439684,4.584556553957865,1.0701507537688442,1.0490452261306533,1.0912562814070352,0.9902677445444453,0.03965199752910055,2.3909328275295607,1.1013547191872843
368-U1501D,3,5.125018472063856,6.81200371911821,5.883094121056636,7.89573158352338,0.9211055276381909,0.8909547738693466,0.9512562814070351,0.5760394325056547,0.08683900654096227,5.8179879780178405,1.1325635781452417
368-U1501D,8,6.40093939393939,8.55236624579124,6.249806102693599,9.868114898989893,0.8919597989949748,0.8567839195979898,0.9271356783919598,0.2961769976885266,0.09184324125255872,14.023729920129941,1.1216961250518125
368-U1501D,10,7.270188036634227,9.153368687790175,7.285334261710548,11.208206556477766,0.9336683417085427,0.8904522613065327,0.9768844221105528,0.28744257079473623,0.08835745774248087,15.344545907036647,1.1242462783595228
368-U1501D,20,10.440960967184797,10.614976983304544,7.961232737478408,13.26872122913068,1.065326633165829,1.0050251256281406,1.1256281407035176,0.19702372205590699,0.056738592340478095,20.413752601684315,1.1075780634729235
368-U1501D,50,15.513448740480374,23.431771535100566,16.87087550527241,28.118125842120676,1.0342713567839197,0.9850251256281407,1.0835175879396985,0.08466085037111538,0.05226374582263766,19.016225322973156,1.0714511890250176
368-U1501D,100,25.622467773083887,29.625978362628246,26.334202989002886,34.234463885703754,0.9770854271356784,0.938894472361809,1.0152763819095476,0.05345343851488036,0.0570654337110139,13.383264615951795,1.0974163194645663
368-U1501D,250,23.951101526211012,23.335691278662537,22.32109600567721,24.350286551647866,1.2568844221105528,1.2337688442211057,1.28,0.07574770120036033,0.07728234343160553,6.11393678374395,1.499288969547006
368-U1501D,500,,,,,,,,,,,
368-U1501D,1000,13.524136591809778,15.984778110597388,12.509826347424044,20.84971057904007,0.6971859296482409,0.6831155778894469,0.7112562814070349,0.003104914958969802,0.10870728796706967,35.88076365407988,1.1319933889532632
368-U1502B,1,1.9953328928571432,3.2562724293154766,2.9098604687500003,3.741249174107143,0.9340703517587938,0.9109547738693466,0.9571859296482411,0.6168718230762091,0.07315067864774795,1.1330629135274892,1.1207297798135576
368-U1502B,3,4.725531064665952,9.085161633699784,8.343515786050823,9.641396019436506,0.8262311557788943,0.7990954773869345,0.853366834170854,0.44218289334755956,0.09700221814982417,2.3189609763632864,1.1308706475266708
368-U1502B,8,9.05943894153406,13.409857016583228,12.315174811147862,14.230868670659753,0.8670351758793968,0.8348743718592964,0.8991959798994974,0.2622157984704937,0.08248368352212528,2.9532827982482144,1.1279022734715212
368-U1502B,10,9.023409443748884,13.785764427949685,13.15913877213379,15.665641395397369,0.9002010050251255,0.8650251256281406,0.9353768844221104,0.23963907626920494,0.07728594713342853,2.680227200910052,1.1323688048109266
368-U1502B,20,8.75754475900376,12.962990731817026,12.16933823803231,13.756643225601742,0.9201005025125628,0.8849246231155778,0.9552763819095477,0.13564893290150987,0.09228732547397187,3.5388415566615494,1.1443449781163233
368-U1502B,50,9.696776941091695,13.76740309448748,13.181556154296523,14.646173504773916,0.935075376884422,0.9009045226130653,0.9692462311557788,0.0593321845739548,0.09229328831826182,3.2312608651597863,1.1472836553416796
368-U1502B,100,11.432657862206872,13.806522237762326,13.219010653176696,14.394033822347957,1.1385929648241206,1.0732663316582916,1.2039195979899497,0.041648642718193886,0.06774881949060833,2.7399125670925315,1.1462105734246015
368-U1502B,250,8.69490848439544,11.617363836095018,9.8300770920804,12.2875963651005,1.1295477386934674,1.0692462311557789,1.1898492462311558,0.016696923724153673,0.0796920857088927,3.219014161587519,1.1756535329066546
368-U1502B,500,14.83895847872966,8.903375087237796,8.903375087237796,10.634586909756257,1.2939698492462313,1.2879396984924625,1.3,0.01383626673612202,0.048117204803755496,5.9666615351616805,1.3400341991797078
368-U1502B,1000,14.90033199304499,20.255138803045533,19.8050246074223,20.70525299866877,0.9380904522613065,0.9069346733668341,0.9692462311557788,0.005289738264235798,0.09643750673827144,1.9024243881433638,1.198787544107577
368-U1505C,1,2.665858300198811,3.704432262984598,3.2212454460735636,4.348681352199311,0.8251256281407033,0.8110552763819094,0.8391959798994973,0.7414375319874126,0.059563061846192325,1.3363725442124352,1.1644497045860294
368-U1505C,3,5.443404925373131,7.56406476088308,6.74188380861318,8.87955428451492,0.8369849246231155,0.8128643216080401,0.8611055276381908,0.49374407336364745,0.06001589501940222,3.9540345253135167,1.1449063891591258
368-U1505C,8,10.176708179551122,16.607822376350793,14.487674838944308,18.021254067955116,0.9312562814070351,0.8930653266331657,0.9694472361809044,0.3097270524049555,0.06063630889878894,2.369878766105816,1.1090491099053734
368-U1505C,10,11.733611432850731,15.950378041531465,14.532566660062,17.722642268368293,0.8290452261306531,0.7988944723618089,0.8591959798994974,0.23926966159838364,0.08109603200340215,3.4382646805393944,1.1362050144539866
368-U1505C,20,15.102034269944802,19.789957407906833,18.237803885718062,22.894264452284375,0.9673366834170853,0.9311557788944723,1.0035175879396985,0.16810172800440107,0.030366055782946877,3.215168929871096,1.1120647584080496
368-U1505C,50,15.762393937850229,20.65530372272457,17.820262035291787,22.275327544114734,1.0592964824120603,1.0050251256281406,1.11356783919598,0.09008183311710799,0.03406828616398618,2.51837461104392,1.1231561254826912
368-U1505C,100,18.089387767903816,19.157164129203696,18.77402084661962,21.072880542124068,1.0854271356783918,1.0311557788944723,1.1396984924623115,0.06336234434049684,0.06483653349137553,3.5701869885722535,1.1835039212911613
368-U1505C,250,,,,,,,,,,,
368-U1505C,500,37.43625419695968,29.949003357567747,28.07719064771976,32.444753637365054,1.4687437185929655,1.3320603015075383,1.6054271356783925,0.10541146078149134,0.12075498844825479,2.3935695431669326,2.8360669447562694
368-U1505C,1000,,,,,,,,,,,
369-U1512A,1,3.906621601102534,5.664601321598674,5.310563738998757,6.018638904198591,1.1742713567839198,1.1451256281407036,1.2034170854271358,1.3246156265736104,0.03429662832620743,1.1115110892315927,1.097136337087749
369-U1512A,3,7.804491148687404,10.026603211855347,9.425007019144026,11.029263533040883,1.0381909547738695,1.0110552763819096,1.065326633165829,0.8581518388670832,0.05294526571757798,3.4951265410413073,1.1320188822217312
369-U1512A,8,11.997972481669608,17.034621346370493,16.309743842269622,19.209253858673108,0.8881407035175879,0.8489447236180904,0.9273366834170853,0.44469415429815035,0.09537409946523591,5.712399883508587,1.1495177954776876
369-U1512A,10,13.468191920017674,19.122026653108428,17.901471760356824,21.15628480769443,0.8831155778894471,0.8489447236180904,0.9172864321608039,0.3808436311467003,0.09461129746819376,5.827988792107838,1.1470353874625492
369-U1512A,20,13.702824300708592,18.62727678377574,17.385458331524028,20.283034720111363,0.868040201005025,0.8348743718592964,0.9012060301507536,0.19841942879169033,0.11070117200902763,6.785704137478945,1.157192945697718
369-U1512A,50,16.55887279826126,26.44819960833395,24.72331702518174,27.59812133043543,0.8340703517587937,0.806934673366834,0.8612060301507536,0.08293824422829181,0.10124989197278586,4.327351737065015,1.1445476767607292
369-U1512A,100,18.193689782236248,29.6910909640661,27.795914945083158,30.954541643388062,0.8900502512562813,0.8609045226130653,0.9191959798994974,0.05233554355109208,0.10234028360441344,5.019195718158033,1.1399326645030272
369-U1512A,250,27.55786190853943,36.62899145343366,34.13156021797228,44.95376223830495,0.8681407035175879,0.841005025125628,0.8952763819095476,0.027412214354341883,0.09880145197889577,13.239153644040137,1.1391716730729908
369-U1512A,500,44.71372549925669,46.406015804610504,44.51189271054477,47.35307735164337,1.1976884422110552,1.1353768844221106,1.26,0.04908100537297315,0.0844820544405583,4.869643946327857,1.3230137470388221
369-U1512A,1000,44.660314427884614,37.96126726370193,37.21692868990385,38.7056058375,1.501809045226131,1.4636180904522615,1.5400000000000003,0.07530850270639247,0.05042393735223118,2.507392806426188,3.1898577551568232
369-U1513D,1,3.0560306578475394,3.0422360750169775,2.330223376608749,3.8837056276812474,0.770150753768844,0.7530653266331656,0.7872361809045224,0.5283307952416848,0.07071574115039343,5.1189071315802215,1.1093797398206664
369-U1513D,3,14.674327745960495,23.438162372020233,18.342909682450617,28.023889792632886,0.915075376884422,0.8829145728643215,0.9472361809045226,0.28901164626861753,0.037411319368519914,2.1296094948080166,1.031042503100485
369-U1513D,8,19.251810455240665,28.49669026760103,20.936343870074225,34.89390645012371,0.9290452261306532,0.8948743718592964,0.96321608040201,0.13543746640476623,0.029461070503443487,7.731705688921665,1.0267651966682223
369-U1513D,10,14.819668711166146,22.383874615823864,16.116389723393183,26.86064953898864,0.8549748743718593,0.8268341708542712,0.8831155778894472,0.11329734721482201,0.05577252830785146,13.714960052667358,1.0395885914030143
369-U1513D,20,24.030202278104927,42.55348320081081,30.03775284763116,50.0629214127186,0.7599999999999998,0.7409045226130652,0.7790954773869345,0.0595395005070136,0.03414623710230853,4.86176680928421,1.045171636374549
369-U1513D,50,42.827573015447044,51.72024269018223,45.11765851696748,59.423257558932775,0.7570854271356782,0.7389949748743716,0.7751758793969847,0.0313253037205383,0.027081676765881545,9.320305473486826,1.0468235196621012
369-U1513D,100,,73.69846807155004,67.68226659632147,78.21061917797147,0.8061306532663315,0.7850251256281405,0.8272361809045224,0.02126631394539345,0.04565101786691646,1.881602646479807,1.040568174957858
369-U1513D,250,,79.73493454284146,74.85320385654505,82.98942166703907,1.2162814070351762,1.1529648241206032,1.279597989949749,0.029702552789282077,0.1263078481442933,0.5561888160627717,1.031921127065095
369-U1513D,500,46.944393937140376,65.23314740848464,62.39692360811575,68.06937120885354,0.7601005025125627,0.7430150753768843,0.777185929648241,0.011235457488173796,0.202497141571443,1.7087218330259268,1.116691547879968
369-U1513D,1000,,,,,,,,,,,
375-U1520C,1,3.975091168787675,5.403639557570745,5.163477799456491,5.883963073799256,1.1403015075376886,1.115175879396985,1.165427135678392,1.324670615077727,0.05386705321900903,2.67702301856747,1.091320999863128
375-U1520C,3,8.727002178894471,9.642125324042432,8.969418906085984,11.436009105259629,1.1642211055276384,1.133065326633166,1.1953768844221107,1.0874999739172766,0.03579846189935252,7.859155740461627,1.112799322153491
375-U1520C,8,12.641669358591786,16.241033550968616,15.2665715379105,17.540316235046106,0.8820100502512562,0.8488442211055276,0.9151758793969849,0.3803889714586474,0.0805836399403598,11.146032559799544,1.1158280157415246
375-U1520C,10,13.550486230085529,17.408610781707104,16.364094134804677,18.801299644243674,0.9411055276381909,0.898894472361809,0.9833165829145728,0.3552300919833498,0.06263144188741387,10.326482956258948,1.1130225594642387
375-U1520C,20,14.33182339240719,22.393474050636236,20.402943023913014,24.384005077359454,0.817185929648241,0.7890452261306531,0.8453266331658289,0.16158157908553716,0.09839475924354905,10.131135645918128,1.1200322549638932
375-U1520C,50,16.427038700827282,29.659930987604817,26.80801454648897,31.371080852274325,0.8671356783919597,0.8389949748743717,0.8952763819095476,0.07486687402822848,0.07832401941456228,10.111057102707958,1.0977228251017273
375-U1520C,100,24.544982735399284,33.3658359059334,30.399983825405986,37.81461402672452,0.9231155778894471,0.8909547738693466,0.9552763819095477,0.04649581514083328,0.045369104841499495,11.2520202594411,1.0919604377253476
375-U1520C,250,52.88591862851652,56.00765688089423,56.00765688089423,57.12781001851212,1.0492462311557789,1.0050251256281406,1.0934673366834171,0.030423759774837935,0.021833288316433757,1.5099653760731477,1.0801035216603325
375-U1520C,500,53.57413185090444,64.69820506161307,63.32164750711067,66.07476261611548,0.8700502512562813,0.8429145728643215,0.8971859296482411,0.013039041888461611,0.04563042781122155,4.91383306176743,1.0929683682839064
375-U1520C,1000,61.49998218238488,72.68956227390214,66.36873077182369,74.26977014942176,0.9120603015075376,0.8829145728643215,0.9412060301507537,0.008165407130453786,0.0459964672495138,1.9950170899368485,1.0951384141231273
392-U1579D,1,1.2698153259915599,1.6639871667681063,1.5008511700261353,1.8597503628584717,0.8339698492462311,0.8108542713567838,0.8570854271356783,0.48647260848815793,0.08153501049060757,1.2617146321135315,1.1909022272148153
392-U1579D,3,2.7290911678767413,3.792299602028722,3.4625344192436156,4.369388671902658,0.8390954773869346,0.8109547738693466,0.8672361809045225,0.31494996746105774,0.08373572324286269,3.1046757983130417,1.159331961445536
392-U1579D,8,4.19196829264737,6.458251150859853,5.698456897817518,7.0914130283951335,0.8080402010050249,0.7809045226130652,0.8351758793969848,0.16458382613466213,0.08331033042532143,4.054185642866418,1.1543168003432471
392-U1579D,10,4.737459126083281,6.869315732820757,6.296872755085695,7.584869454989587,0.7601005025125626,0.7389949748743716,0.7812060301507535,0.13988963610169186,0.1059832227170795,4.316626128387918,1.173594440596651
392-U1579D,20,5.514921174307139,7.996635702745351,7.330249394183238,8.829618588447993,0.73608040201005,0.7169849246231154,0.7551758793969847,0.07637385439624854,0.10880095991256515,5.4472504132619335,1.171682529905002
392-U1579D,50,7.21704861182605,15.471547961602097,14.840056208067317,16.103039715136877,0.7329648241206028,0.7168844221105526,0.749045226130653,0.034442150598694994,0.10999796079601427,1.6617800144804364,1.1470075252361134
392-U1579D,100,7.558168715712993,12.596947859521656,11.022329377081448,14.171566341961864,0.6980904522613063,0.6830150753768841,0.7131658291457283,0.019316711200090497,0.13327774140660872,5.278329720111671,1.1773014591395656
392-U1579D,250,12.52716740550078,18.164392737976133,17.407543040560462,18.921242435391804,0.8422110552763817,0.8190954773869346,0.8653266331658289,0.01214637383968621,0.12198295176017228,2.65137121850433,1.1519468116045952
392-U1579D,500,9.856922286714454,11.143798251924396,10.890530109835206,11.650334536102779,1.0944723618090453,1.0412060301507537,1.1477386934673368,0.009186975747880324,0.049836839528139214,5.493017977668393,1.1929856436166426
392-U1579D,1000,12.529953127785085,14.80970848853487,13.843857934934771,15.131658673068237,1.1656281407035176,1.1013065326633167,1.2299497487437185,0.007269749731409564,0.0704660728390385,2.786986660839762,1.2751404440807
392-U1580A,1,1.3891866534566393,1.606247068059239,1.3206920337375965,1.8561077230906764,0.8170854271356782,0.7949748743718592,0.8391959798994973,0.4370668689055381,0.08853052005198149,1.4254191270723047,1.1770281094539665
392-U1580A,3,2.8375055520024275,4.729175920004046,3.8424554350032873,5.5173719066713875,0.803115577889447,0.7769849246231154,0.8292462311557787,0.2729403808314954,0.08499791663522553,3.0789495516799974,1.1343079341758222
392-U1580A,8,5.305791922060164,8.013956548945039,7.052281763071635,8.975631334818445,0.73608040201005,0.7149748743718591,0.7571859296482409,0.137178137745524,0.08944062142233461,3.9340363368568605,1.1418036521112869
392-U1580A,10,6.368462573031316,8.345339496743119,7.1999007422881816,9.818046466756611,0.7729648241206029,0.7508542713567837,0.7950753768844219,0.11467202781154641,0.0701354099504634,4.679020352373368,1.124420768183734
392-U1580A,20,6.822502012412321,9.480435088081288,8.037760183373265,11.1292064077476,0.7201005025125625,0.7030150753768841,0.7371859296482409,0.06295635552079534,0.07064062741926032,5.641566425195359,1.1391728368719471
392-U1580A,50,11.273980772360726,16.347272119923055,15.666135781592926,17.028408458253182,0.6880402010050248,0.674974874371859,0.7011055276381907,0.029170905080451504,0.07139998107258731,1.7060901855096315,1.1420278006013551
392-U1580A,100,9.58627728380744,13.320931142290757,11.873003844215674,14.768858440365838,0.6730653266331654,0.6589949748743715,0.6871356783919594,0.018159915911975598,0.10686050667605118,4.058816908291523,1.182956541561329
392-U1580A,250,12.413524761757953,16.266889739886985,14.991055250484084,17.542724229289888,0.77608040201005,0.7569849246231154,0.7951758793969848,0.010612086658099002,0.13609281320386454,3.897111814900488,1.1655965775706667
392-U1580A,500,17.191890269381926,17.842555560827282,17.114287986915965,18.20668934778294,1.277889447236181,1.2557788944723618,1.3,0.01774731827248495,0.04057010288574412,2.0107498033130935,1.2659663790887958
392-U1580A,1000,15.948892940321878,20.080099236669145,18.850705405852665,21.719291011091116,0.7180904522613063,0.7010050251256279,0.7351758793969846,0.0032619057191425357,0.0991180995809646,3.8616611169471264,1.19628066350408
