well,dt,cutoff_init,cutoff,cutoff_ci_95_l,cutoff_ci_95_r,alpha,alpha_ci_lower,alpha_ci_upper,gamma,gamma_std,k_gtlf,c_gtlf,std,variance,skewness,excess_kurtosis,msd,msd_exp,r2,n_samples
349-U1431E,1,0.6598181954367309,0.7127411131957186,0.6568398494156623,0.754667061030761,0.7981909547738691,0.7730653266331656,0.8233165829145727,0.260652896758254,0.0767826625353205,0.6691817002201625,1.2356153022848964,0.4473588368473772,0.2001299289054382,0.1338556839997011,3.525506915745293,0.2001183980268426,,,17356
349-U1431E,3,1.85183995620606,2.379099943736952,2.2363539471127347,2.47426394148643,0.7820100502512561,0.7568844221105526,0.8071356783919597,0.2062039680488244,0.0872721590650891,1.9640275627703168,1.1882386278900643,1.307757597365022,1.7102299334659348,0.1417467755091641,3.646891905542532,1.710131383855847,1.9528420715967252,1.0,17354
349-U1431E,8,4.620802472765002,6.281403361414925,5.862643137320596,6.560576844144476,0.789145728643216,0.7630150753768843,0.8152763819095475,0.1561091636607368,0.0917432298946195,5.095061810707299,1.147828882912006,3.2091612787446864,10.298716112994232,0.1727525788908462,4.011247105496464,10.2981224928367,1.896278072206789,0.9996561118254504,17349
349-U1431E,10,5.553145604427284,7.548807306018339,7.045553485617116,7.884309852952487,0.7801005025125627,0.7549748743718592,0.8052261306532662,0.1428345983170513,0.0929491125939134,6.392190455817309,1.1433558667530994,3.8730087496306207,15.000196774715343,0.1886574754855796,4.184000259121527,14.99933206054144,1.876806120504234,0.9995705163719636,17347
349-U1431E,20,9.395585435773198,13.623598881871136,13.055948928459838,14.191248835282432,0.8001005025125627,0.7769849246231154,0.8232160804020099,0.1046253355398764,0.0791932159891835,11.100412259483416,1.11506090718231,6.420084563416032,41.21748580141283,0.2878134975336312,4.657342210732455,41.21510837245732,1.7993170628753332,0.996808617776616,17337
349-U1431E,50,16.275651557173397,25.074675680270264,23.599694757901425,26.057996295182825,0.7660301507537686,0.746934673366834,0.7851256281407033,0.058682532942403,0.0928760125185515,13.408945410516566,1.1124759346750546,10.159762470781034,103.22077346269074,0.2233873083067652,3.3045229375245384,103.21480935721532,1.6270162659079328,0.983163125372023,17307
349-U1431E,100,26.499205893260708,37.62335170053578,36.02235801115128,38.423848545228026,0.7570854271356782,0.7389949748743716,0.7751758793969847,0.0307736571584009,0.0920202943418781,8.53685459159746,1.0998787457307364,11.863596321993496,140.7449176912176,0.1574933990359447,2.8201098434791136,140.73676187516085,1.4477302262928813,0.9614328110619932,17257
349-U1431E,250,36.99979112059391,46.58376479280331,45.63307571539916,46.58376479280331,0.8001005025125626,0.7789949748743716,0.8212060301507536,0.0146260528694832,0.0617334443332605,2.1266505180955564,1.094213837543368,13.258886112537036,175.7980609452275,0.2176016789814037,2.006751526729455,175.78778456357406,1.2425132844552127,0.9224526376848652,17107
349-U1431E,500,39.93572802396631,49.25406456289178,49.25406456289178,50.280190907952026,0.8520603015075376,0.8289447236180904,0.8751758793969848,0.0092775554894397,0.0557686874763623,6.170378511232027,1.0889942477759602,15.605959218943749,243.54596314333537,0.2622110201923355,1.9759601825068245,243.53151537901533,1.1049555004356897,0.9015117995383988,16857
349-U1431E,1000,44.56392779849605,56.10722298518982,56.10722298518982,57.25226835223452,0.8690452261306532,0.8429145728643215,0.8951758793969848,0.0055050233669529,0.0434797596322659,3.707634575089936,1.0916637708371608,17.291421894548453,298.9932711352696,0.2433389895731931,1.4985818352453286,298.9749919110149,0.9955905246234096,0.8841136396374348,16357
349-U1433B,1,4.958040614462342,7.338933034532278,6.44028817316098,8.087803752341696,0.962110552763819,0.9470351758793968,0.9771859296482412,1.1815665855328283,0.0382586764242224,3.593619364393369,1.08826548474324,2.907121307917163,8.451354298945995,0.1792199821673298,3.514486608751292,8.449771055353088,,,5338
349-U1433B,3,13.237095427286354,19.59365896059782,17.994176596467387,21.99288250679347,0.9051256281407034,0.8870351758793968,0.92321608040201,0.8994365565413541,0.0491660901862693,8.80263060296648,1.090135850056875,7.533287554674827,56.75042138141863,0.171241838394192,3.032856367459157,56.73978599510278,1.7334016107222858,1.0,5336
349-U1433B,8,27.890802738698174,38.75659463898268,35.38645597472331,41.2841986371772,0.7519597989949747,0.7288442211055275,0.7750753768844219,0.4716259623530394,0.0853481478191669,8.44795086092513,1.1172347596982766,13.578774817432963,184.3831255425516,0.1049727284554731,1.563568525616832,184.348538574714,1.487460905289229,0.989540909838316,5331
349-U1433B,10,29.73416984424845,40.41988713202524,37.72522798989022,44.01276598820526,0.7520603015075376,0.7289447236180903,0.7751758793969847,0.4120228721202287,0.0860592176407957,9.536130742795706,1.1204394740445454,14.822146546032446,219.6960282320616,0.0728379932030464,1.3085727442620856,219.65480173023536,1.4162896705066652,0.987842565685912,5329
349-U1433B,20,35.64446764429404,49.53095816405026,46.30067828378611,51.68447808422636,0.7350753768844219,0.7149748743718591,0.7551758793969847,0.2413466870967771,0.0945231185188314,4.814105560713671,1.132393550251344,17.517638319575962,306.86765229547615,-0.0351093430365422,0.5630402651254998,306.809959561448,1.2317933994748227,0.9567416558932774,5319
349-U1433B,50,38.28395655133296,49.18424973608748,46.23319475192224,54.10267470969623,0.7601005025125627,0.7410050251256279,0.7791959798994973,0.1078523920674418,0.0914715030619792,10.886054226255764,1.1257103307656626,19.187887798838617,368.1750381808199,0.1065002075226111,0.7721374372174044,368.1054267158585,0.97526618271563,0.8826021956023619,5289
349-U1433B,100,37.57844867341096,52.21838596909399,48.81283905806611,54.488750576445895,0.7740703517587938,0.7529648241206028,0.7951758793969848,0.0606666670521116,0.1073346610040743,12.532788689635892,1.1253058842406876,20.28829485118028,411.6149079684283,-0.0849490843173704,0.8731550473644711,411.5363405112861,0.8027167816673103,0.8306566148695118,5239
349-U1433B,250,39.427192257810965,47.61381065023144,46.60075084916268,49.63993025236894,0.8740703517587939,0.8449246231155778,0.90321608040201,0.0358627891727222,0.0771062726280967,10.56900199544252,1.1496514528990631,21.88567323208637,478.9826928216618,0.0602609374104761,0.0587939989290329,478.8885716401287,0.6604986219821448,0.7831385984637378,5089
349-U1433B,500,40.46372486050837,50.94495359173729,48.865567730850046,53.02433945262452,0.8660301507537687,0.8388944723618089,0.8931658291457285,0.021285858656108,0.1072702974085476,11.75898598147882,1.167454891805037,24.279276216796763,589.483253611513,-0.0211739334466089,-0.2345915433448069,589.3614343815871,0.5759892218220779,0.7679068271734527,4839
349-U1433B,1000,44.768613920258126,55.21462383498502,52.91401450852731,58.66553782467157,0.976180904522613,0.9389949748743718,1.0133668341708542,0.0177274047843985,0.0833342036012949,9.870337851473124,1.2164336713169768,27.40160519243539,750.8479671221021,0.1131492116377284,-0.506304880252844,750.6749208056417,0.5223677862107919,0.7709406574183397,4339
353-U1445A,1,4.165082184325108,5.136934694000967,4.922895748417593,5.6720320579594015,1.1472361809045228,1.1211055276381912,1.1733668341708543,1.3735902801795137,0.0333605446744363,2.427334722298794,1.1017220891485076,2.488947108048406,6.194857706662523,-0.1878978522837727,1.8184312087794083,6.192609935361122,,,2756
353-U1445A,3,9.000622403776326,11.100767631324135,9.944437669727872,12.025831600601146,1.0561809045226132,1.033065326633166,1.0792964824120603,1.009731074565322,0.0442644152683799,6.496622548198606,1.1195769116404704,5.680676342624217,32.27008370965045,-0.1528625092588572,2.384044816340296,32.25836617743925,1.50227774417644,1.0,2754
353-U1445A,8,12.7156330301928,18.821785974899967,16.132959407057115,21.89473062386323,0.8720603015075375,0.8348743718592964,0.9092462311557789,0.4882334868935883,0.1130758483373671,10.479245551459822,1.138205141077658,9.014083145164603,81.25369494794062,-0.0248707627336457,2.026933740179139,81.22413740157907,1.243034438953628,0.9834614824970298,2749
353-U1445A,10,14.66986195850018,20.384995679832542,17.726083199854386,23.0439081598107,1.0055276381909546,0.9512562814070352,1.0597989949748745,0.5288197051334637,0.0749573510050004,9.37871007750331,1.1353062370422695,9.648946971515809,93.10217765912408,0.1024049573913536,1.7727805513012438,93.06828534836356,1.1747213589287426,0.981762942018829,2747
353-U1445A,20,12.932048154914137,22.900501940993784,17.512148543112893,25.145649190110824,0.9812060301507536,0.9309547738693468,1.0314572864321607,0.2755355825906305,0.0986836810004758,11.30056226328614,1.1282459559815086,10.384631125191625,107.84056360629867,0.7217876859204297,2.734246582044488,107.80116259657773,0.9866859297784186,0.9317994465911266,2737
353-U1445A,50,26.86877196158109,16.121263176948656,16.121263176948656,16.121263176948656,1.3047236180904522,1.2494472361809046,1.36,0.2099847505153365,0.0727668766962072,10.253325704465349,1.261500069770075,11.50248308914605,132.30711721609086,1.0069943364017082,3.218987538422476,132.25824129543474,0.7766059351669509,0.8586928217731224,2707
353-U1445A,100,37.42433394806173,49.041470944439226,47.118276005441615,50.00306841393804,0.970854271356784,0.9326633165829146,1.0090452261306533,0.0642635376690952,0.0589485862920905,0.4657401610225871,1.0964594707399544,13.890761191079656,192.95324646760463,0.839470672100712,1.5333115841913545,192.88062575007825,0.6788482946559959,0.8532296912275172,2657
353-U1445A,250,30.142873673713595,40.06490292464432,36.422639022403935,43.70716682688472,1.0171859296482413,0.9749748743718594,1.0593969849246232,0.0498005169889202,0.0915073671363882,3.921135202700838,1.207710838961604,17.537503682498492,307.5640354136482,0.4393747330355894,-0.3314434700388919,307.44135330937473,0.6184890220786643,0.8693264016057312,2507
353-U1445A,500,,,,,,,,,,,,21.481334969131165,461.4477520560174,-0.0369826464214809,-0.994471033493249,461.2433002385358,0.5900756223241935,0.8927827879025142,2257
353-U1445A,1000,49.21684553215708,50.03712629102637,48.99468615996332,51.07956642208941,1.1984924623115578,1.1231155778894473,1.2738693467336684,0.0229802759625488,0.0208340990917058,4.261921867172545,1.2680240025700995,23.490647724498828,551.810530516502,-0.6649930398616494,-0.0814993605146146,551.4964664695376,0.5591898897417145,0.9041634978228782,1757
355-U1456C,1,4.010182372432081,5.255009817207874,4.739812776305141,5.9762856744717,0.7620100502512561,0.7529648241206028,0.7710552763819094,0.8676963899912689,0.063071482019445,2.4247018256711623,1.155576731621088,2.299555552218778,5.2879557377402095,-0.0962395646883298,1.9961753363709445,5.286203598662098,,,3018
355-U1456C,3,8.763803183023876,12.178034839743596,10.85433540064103,13.766474166666672,0.6550753768844217,0.6410050251256278,0.6691457286432158,0.5286041681849802,0.0984935055052994,5.539799504355162,1.1748727949650055,5.169393890267293,26.72263319273282,-0.0833822412729513,2.0189455503872957,26.71377290321268,1.4746594009234215,1.0,3016
355-U1456C,8,12.88803968781136,18.29833134842384,16.741026552813295,20.634288541839645,0.6380904522613062,0.623015075376884,0.6531658291457283,0.2808738108118468,0.1170212948114809,9.258619225927974,1.1731014998087328,8.152608376952083,66.46502334794927,0.1300566962238651,1.7783260945557693,66.44294927842157,1.22240015246351,0.9838018475295588,3011
355-U1456C,10,13.547094516450644,18.824816755151208,17.187876167746754,21.280227636257887,0.6750753768844218,0.6589949748743715,0.691155778894472,0.2514960808381615,0.1053027644045518,10.634896345319776,1.161207774037481,8.805942382503376,77.54462124396925,0.2885923585460587,1.9736171406885257,77.51885034957112,1.1612173162979664,0.9832214455464918,3009
355-U1456C,20,15.525350350116708,27.41194671192481,24.366174855044274,31.066872940181447,0.6580904522613062,0.6410050251256278,0.6751758793969845,0.1397942381989478,0.1233860634245229,9.990102931647732,1.1511464443279908,10.6036522144103,112.43744028416847,0.3988907580554436,1.896994507056556,112.39994864019243,1.0321020019280105,0.9635695447608968,2999
355-U1456C,50,18.003890771303467,29.3813495226133,26.255674041484223,31.88188990751656,0.6821105527638187,0.6670351758793966,0.6971859296482409,0.0634577608115606,0.1064529423700938,16.424359223796916,1.1354422796392325,12.674117168804855,160.63324600859406,0.684097849452092,2.620796205522838,160.57914252391618,0.8668076606447082,0.9269026665195832,2969
355-U1456C,100,23.63216430284344,46.36171121911995,37.08936897529596,51.92511656541434,0.7820100502512561,0.7609045226130652,0.8031155778894471,0.0462570091238045,0.0951217001243634,6.434949656528197,1.114400483652477,14.56302319048512,212.0816444466074,0.7175289187607639,1.5360851157352542,212.00898886440572,0.7615133668075434,0.9110769132960608,2919
355-U1456C,250,32.22388764897074,66.26036897819608,60.621188639626205,70.48975423212349,0.740904522613065,0.7248241206030148,0.7569849246231154,0.021139601952067,0.1241110187563249,6.119796400106018,1.1114121657148484,19.864246875715622,394.58830393937785,1.1202777260356496,1.571400053316503,394.44580184333614,0.7069997184752529,0.9229622303832566,2769
355-U1456C,500,65.88619186184995,39.531715117109975,39.531715117109975,39.531715117109975,1.337688442211055,1.2753768844221107,1.4,0.0930862024867305,0.0535843034067211,9.338962995037228,1.8695939678734697,27.13068551678436,736.0740966106526,0.9114147524090184,0.0792546959916746,735.7818877592788,0.6951632601779655,0.9427908479360034,2519
355-U1456C,1000,,,,,,,,,,,,38.60938735087316,1490.6847916097647,0.3000511840456634,-1.5162875877392117,1489.9464633325929,0.7054628719535715,0.9581905556576048,2019
356-U1459C,1,1.0855637389202255,1.6724466352739724,1.4428951363147997,1.901998134233145,1.1236180904522612,1.0592964824120603,1.1879396984924624,0.4029760910836747,0.0728518794992261,1.3957893763753513,1.0792671168384955,0.8750388917012335,0.7656930619897231,0.0564171376305386,11.780003690987298,0.7653845635763509,,,2482
356-U1459C,3,1.590362822580645,1.9614474811827955,1.6754030568436378,2.2883553947132613,0.9502512562814068,0.9070351758793967,0.993467336683417,0.2856169507001021,0.1026224092757824,3.2455254387537966,1.169651626124348,1.7390835830700282,3.0244117089036875,0.1179306369864808,21.369178412351676,3.0231921880533235,1.2503866716219891,1.0,2480
356-U1459C,8,2.8418140202020195,3.7772444685185183,3.1763192121633,4.549862655260943,1.0083417085427135,0.9570854271356783,1.0595979899497487,0.1624838155020625,0.0864550564253427,4.42853805167714,1.1358011019162253,2.546143610618754,6.482847285894706,0.0077883855922361,7.195443392406776,6.480227953657979,1.031709183397615,0.9829271765805212,2475
356-U1459C,10,3.426790739991913,4.226375245990027,3.521979371658355,5.106870088904616,1.1165829145728643,1.0492462311557789,1.1839195979899495,0.1491880698452219,0.066338257813597,4.741023782917113,1.1157814853353498,2.7597558358577574,7.616252273550949,0.1440902830162765,6.484336648236027,7.613172511208227,0.9881287484782334,0.9842881704478008,2473
356-U1459C,20,3.7347571254567593,4.606200454730003,3.838500378941669,5.277938021044795,1.0824120603015075,1.0231155778894472,1.1417085427135678,0.0867778525673515,0.0806381584093738,5.835727370856469,1.1271784584880358,3.225035719102217,10.400855389485152,0.4972293282157476,5.552044247355628,10.39663254929454,0.880700541656617,0.9655538431715176,2463
356-U1459C,50,4.425087176325525,5.002806891012469,4.206905794715031,6.0261083005377465,0.9551758793969848,0.9189949748743718,0.991356783919598,0.0356948254227968,0.0937936194280124,8.868157442861541,1.1321258995442354,3.892983232185474,15.15531844607726,0.7017668300282108,4.732501410735265,15.149089379720468,0.7547070088708178,0.9392147829188742,2433
356-U1459C,100,6.975352203105329,9.2714056366275,7.796409285345852,12.432112103659602,0.9461306532663316,0.9109547738693466,0.9813065326633166,0.0173710197146138,0.0860749817797338,6.187881003426611,1.0990564320933087,4.104657289770688,16.84821146646765,-0.3482872243625327,3.92172130110033,16.841141297996618,0.6497231401987373,0.9088855821664436,2383
356-U1459C,250,13.101888222122705,15.540295196795544,11.655221397596655,16.09530573953824,1.307638190954774,1.2352763819095478,1.38,0.0120953487731709,0.0447564334005603,2.1391900982976866,1.0569466244040344,4.6864918302911205,21.963205675385417,-0.0611278934458508,2.9264197280714743,21.953369936166705,0.5660870479343725,0.8895724730090561,2233
356-U1459C,500,9.12739172970247,18.768199244200705,17.170905691502774,20.36549279689864,0.974070351758794,0.938894472361809,1.0092462311557788,0.0057875029469718,0.0804791952000559,2.7052211912285173,1.100871759892374,5.9023857895396175,34.83815800855921,-0.4811213758337161,2.1053887794313475,34.82058959806574,0.5357579527509637,0.9060803808335184,1983
356-U1459C,1000,12.4889995954147,17.35450568779501,13.959058922791638,19.618136864463924,1.1366834170854272,1.0773869346733669,1.1959798994974875,0.0051575031317912,0.0581484235189588,2.601212343486439,1.1502593442484623,7.010262842731603,49.143785124183374,0.3022746671777084,0.5804017343293566,49.11064703576518,0.5186132293474964,0.9226802111177564,1483
356-U1461D,1,1.4486554429602336,2.728301084241773,2.5577822664766625,2.898819902006884,1.0291457286432162,0.9889447236180904,1.0693467336683418,0.5078165136384416,0.0735526802482482,0.9320584645358296,1.0939868370981651,1.027529706306227,1.055817297341761,-0.1155854793885066,2.7370299086999736,1.0556551881298244,,,6513
356-U1461D,3,3.304741499001688,5.163658592190138,4.819414686044128,5.622650467051484,0.9651256281407036,0.9229145728643215,1.0073366834170854,0.3683254499082813,0.0694601796710816,2.6965491103914165,1.1158270035953577,2.2819637655800813,5.207358627420424,-0.0856955610777143,2.7762691010451066,5.206558848795418,1.4525211111878098,1.0,6511
356-U1461D,8,5.908785582539196,8.746233659154372,7.853760836791681,9.460211917044523,0.9322613065326631,0.8930653266331657,0.9714572864321608,0.223071228606395,0.0757612352067039,3.141632931092918,1.1299224367396068,3.650159476391139,13.323664203088033,-0.1426783457374179,1.7023979988104951,13.321616298968284,1.22383623768435,0.9866802782352696,6506
356-U1461D,10,6.740199338868389,9.773289041359163,8.958848287912566,10.180509418082462,0.9170854271356784,0.878894472361809,0.9552763819095476,0.1937374127664816,0.0819419743969961,3.3020205763464103,1.132441170073428,4.037937147623823,16.304936408160415,-0.1286986675605581,1.594915508757257,16.302429499118567,1.178567768695432,0.9879140054393024,6504
356-U1461D,20,8.514700785340317,13.117960897414925,12.34631613874346,13.889605656086392,0.8951758793969848,0.8650251256281406,0.925326633165829,0.103770519528301,0.0799346263644341,2.5643846452703345,1.1222099018370524,4.667578599819833,21.78628998549607,-0.0140098228627091,1.5709585921270817,21.782935151805667,1.0336556519729068,0.9609643195883107,6494
356-U1461D,50,9.96865228960396,13.852273077428835,12.948863963683475,14.755682191174197,1.0044221105527638,0.96321608040201,1.0456281407035175,0.0510659631801128,0.0646406065203105,2.233476717089374,1.113002422730848,4.954997344417576,24.55199868318523,-0.0517732470602274,1.2666412390015471,24.54820041606221,0.8158578287021219,0.883529292148894,6464
356-U1461D,100,9.293776566884938,14.037475022899129,13.47597602198316,14.598974023815092,0.9689447236180904,0.9307537688442212,1.0071356783919598,0.0276524034574835,0.0928823332900894,2.894288550638479,1.1264603621244107,5.322446736567703,28.328439263600192,0.0952569335939088,1.241415332339901,28.32402260640287,0.6775716939837932,0.8384216043247249,6414
356-U1461D,250,9.737524457215835,13.010414622002273,12.25981377842522,13.761015465579328,1.0341708542713568,0.9909547738693468,1.0773869346733669,0.0129162350164399,0.0625124004557397,4.090749785336866,1.1308797310072958,5.61577804688126,31.53696307183349,0.2569372048114367,1.1872651738995357,31.531928435327767,0.5583313223444407,0.7908583592547025,6264
356-U1461D,500,12.627788892583968,7.576673335550382,7.576673335550382,7.576673335550382,1.3939698492462314,1.3879396984924626,1.4,0.013981178136868,0.0600419078019998,3.940260075546732,1.4592870945031982,6.354244135374702,40.3764185319438,0.0673486852272258,0.7338992796644637,40.36970479424311,0.4937411379260831,0.784854204118529,6014
356-U1461D,1000,10.411575716358358,8.502786835025994,8.329260573086687,8.849839358904605,1.3409045226130654,1.3218090452261309,1.36,0.0086544098720259,0.0823179413340207,4.069272956213909,1.563776155333555,7.238094928217331,52.390018189885446,0.2692064400165918,0.3362553364844443,52.38051691709076,0.4555452987552694,0.7972052218184668,5514
356-U1462A,1,1.260300039077766,1.713220365621338,1.5990056745799155,1.865506620343235,0.7860301507537686,0.766934673366834,0.8051256281407033,0.4969282751435699,0.0934722080983483,0.8295749806093176,1.235174912267984,0.8657860344426884,0.749585457435996,-0.0846607308581513,1.8628560226735156,0.7494389968151606,,,5118
356-U1462A,3,2.6758186864738067,3.9607691182075833,3.7182730497458953,4.203265186669272,0.7110552763819092,0.6909547738693465,0.731155778894472,0.3185978631782829,0.1081543300376229,1.9408754567242388,1.2367817624230528,1.9706612075273349,3.883505594853093,-0.0716209068787087,1.9505604897595687,3.88274650462736,1.4973190622359138,1.0,5116
356-U1462A,8,4.752839072588536,7.921398454314227,7.261281916454708,8.416485857708867,0.7601005025125626,0.7389949748743716,0.7812060301507535,0.1756273166186807,0.093615451399848,2.032431772833541,1.1832345650233658,3.1894244816527317,10.172428524165792,-0.0330996046878089,1.0962080983761853,10.170438223143652,1.258988516557764,0.9863343442252036,5111
356-U1462A,10,5.584917831278137,9.11427562743307,8.338592595311106,9.50211714349405,0.8110552763819094,0.7849246231155778,0.837185929648241,0.1598759646766063,0.0838539093181961,1.922192477617469,1.1643498510065222,3.5382272789872187,12.519052277769298,-0.0254169519158604,0.9760840813955004,12.516601885857424,1.2120357102675747,0.9876182067279872,5109
356-U1462A,20,5.849837144538146,8.128836198764464,7.598694707540695,8.835691520396157,0.7710552763819094,0.7509547738693465,0.7911557788944722,0.0884805764998597,0.1035867882603553,3.916148983668806,1.189948951590296,4.0037254088696255,16.02981714962825,-0.022312649349289,1.17452022608986,16.026673431811105,1.0506824777839994,0.9548589105287532,5099
356-U1462A,50,6.366338626948119,8.506135776561237,7.85181763990268,8.996874379055154,0.8540703517587938,0.826934673366834,0.8812060301507536,0.0405195266319648,0.0895659632633271,4.34773949000131,1.1675978469611934,4.257196998625959,18.123726285109875,0.1684978152732615,1.260615164971064,18.120150880437333,0.8239785973363447,0.8738480265862336,5069
356-U1462A,100,6.798591153616258,9.241834849447102,8.625712526150629,10.063331280509066,0.9130653266331658,0.8829145728643215,0.94321608040201,0.0225988629761707,0.0896982628566276,4.586178746370814,1.15167505628403,4.530111361094266,20.521908943915346,0.2413538214350057,1.7298566608844128,20.51782009973445,0.6790031642016128,0.8243466290234637,5019
356-U1462A,250,8.60599316081331,11.056310657989322,10.614058231669748,11.71968929746868,1.1965829145728644,1.1212060301507538,1.271959798994975,0.0130197045540285,0.0337197639216264,2.5166862300847903,1.1230775304449614,4.774226805939212,22.79324159454853,0.4470585728082772,1.1145570184228335,22.78856029621324,0.5564438445364388,0.7744894031452599,4869
356-U1462A,500,9.18043048278848,11.086644867756366,10.143100623691994,11.558416989788553,1.1956783919597989,1.131356783919598,1.26,0.0084830474631007,0.0797110689423302,2.179346694323952,1.183145965509422,5.232315839019738,27.377129039256825,0.3311637025323072,0.2287567933190133,27.37120197083525,0.4847989424716522,0.759598940300369,4619
356-U1462A,1000,8.325469312940035,8.993241330748766,8.28788906951357,9.522255526675163,1.194673366834171,1.1293467336683418,1.26,0.0051933336690494,0.0865931439835601,3.42326603572829,1.2862527848500618,5.659472974027676,32.02963434374967,0.2001610323451391,-0.040045772526299,32.021858273260776,0.4360248230627555,0.7576626178311757,4119
356-U1463B,1,1.786585814853925,2.111645178389848,1.836213198599868,2.3411718282148315,0.6849246231155776,0.6728643216080399,0.6969849246231152,0.5658201468789688,0.0993059249947351,1.3572860859721152,1.2568321574365349,1.1141348447193118,1.241296452217725,-0.135634517210558,2.187515648620192,1.24085952984806,,,2841
356-U1463B,3,4.200500880591759,5.963836146090175,5.202495361482919,6.725176930697431,0.6240201005025121,0.60894472361809,0.6390954773869343,0.3432555196414151,0.1073715269956868,3.007376535238777,1.2280850062733393,2.6968494852823586,7.272997146267722,-0.1018941673646153,2.269369520588018,7.270435329731525,1.609313749321772,1.0,2839
356-U1463B,8,8.14151637261821,11.559257099873562,10.329548897759354,12.788965301987773,0.5960804020100499,0.583015075376884,0.6091457286432157,0.1784904708063161,0.1222853689885664,3.786065408037629,1.2108579463483988,4.555948293631023,20.756664854239435,0.0969704566084954,1.716573200048682,20.74934069585756,1.359628339076805,0.987129059061553,2834
356-U1463B,10,8.634106073446333,11.476165989289084,10.432878172080985,13.041097715101232,0.6060301507537684,0.5929648241206027,0.6190954773869343,0.1505700305306875,0.1140608416630715,5.364795264296464,1.2019409863975,5.00552836281532,25.055314190948614,0.0685804172266542,1.9055490596279323,25.046466975485718,1.2996895587998771,0.9869104055038312,2832
356-U1463B,20,8.782193905031894,11.93829483965273,10.3465221943657,14.060658366702103,0.5930653266331655,0.5810050251256278,0.6051256281407031,0.0842309086639639,0.1206735377379488,7.348425811102248,1.2092117159314473,5.770029218088491,33.29323717759489,-0.3765560747483008,1.8934857159104488,33.28143943231579,1.1272641387336235,0.9545992105438864,2822
356-U1463B,50,10.61600519340974,13.911390138864014,12.274756004880013,15.548024272848014,0.590050251256281,0.5769849246231151,0.6031155778894468,0.0364904955070747,0.1312910447807716,8.618167490549355,1.2010788001574344,6.750856195257121,45.57405936904146,-0.4750326446493517,2.0208046309494634,45.557736281874895,0.9196292938733064,0.9021580531574848,2792
356-U1463B,100,11.911673960612694,14.078936861779724,12.548617637673232,16.221383775528814,0.5871356783919593,0.5750753768844217,0.599195979899497,0.0205046878552456,0.1412214115678066,13.007060940457588,1.198735659654738,7.974836884387933,63.59802333259424,-0.71477231493181,2.1553049454283717,63.574829305120645,0.8020373922282241,0.8870991614932957,2742
356-U1463B,250,20.085375964506174,36.26526215813615,29.98858216922797,36.96267104579262,0.6270351758793966,0.6129648241206027,0.6411055276381906,0.0104995878686152,0.1498205976379158,1.823884445820443,1.1532633134895849,10.801733594333529,116.67744864295354,-0.712610614316364,1.3000557103901,116.63243419517462,0.7362841087528699,0.8997647794139592,2592
356-U1463B,500,35.414133347566185,33.75409584689902,32.25391380925907,36.00436890335896,1.2853266331658293,1.1848241206030152,1.3858291457286434,0.0328746502227735,0.0479395854686802,2.780595233434896,1.2652911884859672,14.404279774007422,207.48327580787927,-0.9091864666139572,0.3637295864324494,207.39468346124917,0.7134322103929271,0.9218061918533328,2342
356-U1463B,1000,33.04511813246471,35.695611982672816,32.895956140894555,36.39552594311738,1.2285427135678393,1.14713567839196,1.3099497487437186,0.0112116457344357,0.0302594643485226,3.1433437741524903,1.1455326257809153,13.389271226650122,179.27258398080085,-1.2813451062518386,0.9995941622013044,179.1752590166419,0.6555767020004747,0.9136238781359666,1842
356-U1464C,1,1.1841977147520923,1.6455414077909285,1.3593602933925062,1.895949882889548,0.94,0.9088442211055276,0.9711557788944724,0.5018283293148557,0.0982949567232942,1.2806742106363818,1.158102878644597,0.9274795722437612,0.8602183569294705,-0.0349708324683082,2.9055096308384147,0.8600428379829435,,,4901
356-U1464C,3,2.225880955297,3.160287231322719,2.689606154317208,3.49648800061237,0.9821105527638192,0.9368844221105528,1.0273366834170854,0.2998026616425102,0.0764545888281804,3.166509853711273,1.1235480150523052,1.836144245958565,3.371425691966748,0.0248781156645039,4.267361468307261,3.3707375054609363,1.2432999869269357,1.0,4899
356-U1464C,8,4.58014196975889,6.001894372871546,5.178104949144079,7.061052203378289,1.105427135678392,1.0390954773869348,1.1717587939698493,0.1858660814614467,0.0546721738617481,5.156464460904292,1.0846739089306354,2.9895644435375623,8.937495562064054,-0.0199812392377911,4.002281077977149,8.935669347196448,1.128042100560265,0.9959799475057444,4894
356-U1464C,10,3.9735992845461983,6.00179058603332,5.041504092267989,6.962077079798652,0.913065326633166,0.8728643216080402,0.9532663316582914,0.1508989422503356,0.0989370081749567,5.769719754707446,1.1287246267585125,3.3151026798148653,10.989905777715702,-0.0646780496741704,3.83143844828475,10.98765927203751,1.1026662966770862,0.9962742808669416,4892
356-U1464C,20,5.523650184350677,14.873578881819268,11.70898763036836,16.455874507544724,0.955075376884422,0.918894472361809,0.9912562814070351,0.0792740626007136,0.0709433761772955,2.383211055484588,1.0718160574038702,3.855697834451914,14.86640579059718,-0.1218622041071569,4.570939334169162,14.863360643978869,0.9815641382043392,0.973884288158302,4882
356-U1464C,50,7.012591034624898,12.418129957148258,11.200666235859211,13.635593678437305,0.9901507537688442,0.9509547738693468,1.0293467336683415,0.0339752793494945,0.075449371346826,3.710439787279286,1.0766069576476145,3.9947249283009607,15.957827252789116,0.2072191141055007,4.156652891818395,15.954538335383347,0.7730185670107058,0.8918163963087792,4852
356-U1464C,100,10.72995853810912,15.558439880258224,14.26190322357004,16.85497653694641,0.9941708542713568,0.9549748743718594,1.0333668341708542,0.0182085134092985,0.0596955453894991,4.930992360803192,1.0635558969685717,4.859721830201721,23.616896266939165,-0.0380691916142509,4.473020195506174,23.61197812944085,0.6782886365743794,0.8823704187941133,4802
356-U1464C,250,18.42422407566638,22.72320969332187,21.30300908748925,23.67001009721028,0.9560804020100502,0.9209045226130652,0.9912562814070351,0.0087801959250852,0.0555008477179105,3.92900706211428,1.0642504553870504,6.6738514236692845,44.54029282521254,-0.4946413490123337,3.1975314025453594,44.53071838565424,0.6387278407126868,0.906191463775017,4652
356-U1464C,500,20.80105297592004,27.25804650386188,25.120160503558985,27.7925180039376,0.7370854271356782,0.7210050251256279,0.7531658291457284,0.0049451507307797,0.0386797294806637,2.4425858301355543,1.1249648167611956,8.871875171030332,78.71016905034449,-0.3916173030161408,1.194252767828754,78.6922885030818,0.632811797535106,0.9315171175495788,4402
356-U1464C,1000,25.14178980010251,31.654211741379065,29.71619877762117,33.59222470513697,0.6189949748743715,0.60894472361809,0.629045226130653,0.0029185815114531,0.0583029579430877,4.496749730629091,1.1761784918504468,13.481267097697842,181.7445625594704,0.1165684055334292,-0.15543657362343,181.6979852753701,0.6587127179282842,0.9489694068670562,3902
359-U1466B,1,0.6767371886120996,1.042598231205516,0.9403827183422302,1.1243706414961447,1.11356783919598,1.04321608040201,1.1839195979899495,0.2423330023764842,0.0661074756034184,0.2358216400861433,1.1080261325526757,0.4440933377312496,0.1972188926172817,0.0728323374921337,0.5123373387300543,0.1971311617931637,,,2248
359-U1466B,3,1.5856867319679429,2.077910321682992,1.955680302760463,2.281627019887207,1.0291457286432162,0.9748743718592964,1.0834170854271357,0.2101120217574513,0.0835835117327443,0.5458798783601931,1.1728066900539846,0.9909661640453108,0.982013938282678,0.0256964728099112,0.2161382300235912,0.9815767103493376,1.461198714379753,1.0,2246
359-U1466B,8,2.871483712628291,3.990165909006396,3.5564522232448312,4.163651383311022,1.1025125628140704,1.0391959798994974,1.1658291457286432,0.1356519351054468,0.0724414688686806,0.3955950285517993,1.150473978840126,1.6490611965052795,2.719402829819424,0.029075143363152,-0.0276452476723609,2.7181893524299467,1.2657796981438705,0.9908688804805628,2241
359-U1466B,10,3.2635890576150066,4.108949278788893,3.9412370633281215,4.276661494249664,1.072361809045226,1.0050251256281406,1.1396984924623117,0.1240776436383464,0.0880339298197969,0.7154855193324711,1.1695779690276993,1.8701728478084672,3.497546480680032,0.0305837202100161,0.0082253882793699,3.495984378634172,1.2355159095210555,0.9926357130725848,2239
359-U1466B,20,2.8818529834006283,3.480237734815064,3.2580949006779325,3.77642818033124,0.9722613065326632,0.9290452261306532,1.0154773869346734,0.0674811231596511,0.1178507272255617,1.4560852770549833,1.2292305863649773,2.0028347588108297,4.011347071100834,0.1013586411352873,0.1617775189848131,4.009547453751754,1.05087873601908,0.9480462165558398,2229
359-U1466B,50,3.183545611641656,4.00817235687939,3.762774049315346,4.253570664443434,1.1246231155778894,1.065326633165829,1.1839195979899495,0.0274481383754942,0.0957630262991097,0.8577372051010331,1.174855981103567,1.9329568548823688,3.736322202836739,0.0291069380845149,-0.0449859231119122,3.7346231022442713,0.7773582671816338,0.8186501348052758,2199
359-U1466B,100,3.0511182410423454,3.684649042480999,3.3710618899294245,3.9982361950325735,1.3295477386934675,1.239095477386935,1.4200000000000002,0.0136591319880637,0.0597197772556477,1.0685866091760612,1.127987720473385,1.8788640126170209,3.5301299779073325,-0.2215124843764561,0.2074294033226609,3.5284872929478603,0.5942844016333646,0.7125672091681572,2149
359-U1466B,250,3.829375387693847,4.427715292021011,4.230927945708967,4.624502638333056,1.226532663316583,1.1431155778894473,1.3099497487437186,0.0056591604800323,0.0646173329991347,0.3316875555538123,1.1522253412253152,1.9405315776529908,3.7656628038684055,0.0898144911657282,-0.3344744469751499,3.763779030579827,0.4595128281778564,0.629588026067493,1999
359-U1466B,500,3.2281740423098912,4.147306929356457,3.732576236420812,4.479091483704973,1.1133668341708542,1.055075376884422,1.1716582914572864,0.0028303178784229,0.0863871392688733,0.7778160905612929,1.1815899717494385,1.9990161831178364,3.9960657003670033,0.0654105705419617,-0.1941733657348145,3.99378092866868,0.3774519951079136,0.5834332918134902,1749
359-U1466B,1000,3.7938504403522817,4.776563089137976,4.679082209767814,4.971524847878302,1.4144723618090451,1.3089447236180909,1.5200000000000002,0.0018088345558469,0.0486976675253984,0.3215845830800128,1.1459720689939368,2.1677287521806448,4.699047943030656,0.0105169642431572,-0.3454070605568349,4.695285694877709,0.3292212773144025,0.5733839941002508,1249
359-U1467C,1,0.5673708680403332,0.728913962412928,0.6414442869233767,0.8018053586542209,0.8001005025125627,0.7749748743718592,0.8252261306532662,0.3102778451569257,0.1249382033364159,0.4005107259434693,1.313960001965889,0.4170194699270763,0.1739052382982596,-0.0108292757921711,1.1762459368831717,0.1738671179040689,,,4562
359-U1467C,3,1.2843142105263154,1.682986746710526,1.5509877861842103,1.8149857072368416,0.8990954773869346,0.8649246231155778,0.9332663316582914,0.1630210541467046,0.0864683573871149,0.6489729449601592,1.1968385721584769,0.814838182049599,0.6639612629258954,0.0430783677400673,1.0309674378079574,0.6638156573857802,1.21945947909313,1.0,4560
359-U1467C,8,1.84117020856202,2.6696968024149283,2.4472220688803508,2.8365528525658616,0.866934673366834,0.8367839195979898,0.8970854271356783,0.0951759036513562,0.1013546489906209,1.1590721749469892,1.200945838028747,1.328499753305917,1.7649115945338825,0.3165552661657826,1.660115881760845,1.764524127663513,1.1165009282867118,0.9967230364894746,4555
359-U1467C,10,2.101542323742587,2.793300005307856,2.666331823248408,3.047236369426752,0.8270351758793968,0.8009045226130652,0.8531658291457285,0.0835061405783395,0.1070720248973791,1.4829581865397004,1.2174731432585668,1.49858278312577,2.2457503578809788,0.3597879980718206,2.021560651235287,2.245257111591086,1.1028081437852078,0.997523800542138,4553
359-U1467C,20,2.227903059652212,3.028555721714726,2.8266520069337444,3.230459436495708,0.922110552763819,0.8889447236180904,0.9552763819095476,0.0447330210371197,0.0805399555301566,1.8792167737486607,1.1698618178334976,1.6789212297115912,2.818776495576281,0.917178065905799,5.070251574313065,2.81815602969568,0.968642247879935,0.96887143393644,4543
359-U1467C,50,2.103155417682252,2.539852271770441,2.323694631619765,2.756009911921117,0.9260301507537688,0.8908542713567839,0.9612060301507536,0.0188622947242077,0.0983806828309892,3.2017072309400785,1.1678909025921267,1.918482073086428,3.680573464753998,2.046080462095813,11.30100629133094,3.679757915570582,0.7951821006966983,0.9171112458165313,4513
359-U1467C,100,2.586267600268877,2.8484863986294715,2.5745934756843303,3.0676007369855847,1.092462311557789,1.0412060301507535,1.143718592964824,0.0104457764828841,0.0636198234369911,5.124738830687761,1.1039740673162546,2.2690211387785464,5.148456928223892,2.1782101436391788,9.470664102292073,5.147303341639033,0.7025213945102508,0.906411491653896,4463
359-U1467C,250,2.321844516577788,2.4588978387368936,2.262186011637942,2.704787622610583,0.970251256281407,0.9330653266331658,1.0074371859296485,0.0040729309107118,0.0833428913050328,4.74230602535892,1.1444589341141431,2.2099970584318784,4.884086998277556,2.1207652519822875,9.099937818924197,4.8829545876588965,0.5819329241117479,0.8518275165089193,4313
359-U1467C,500,2.886184297317253,2.9954183557921072,2.7508944083805065,3.301073290056608,1.0242211055276382,0.981005025125628,1.0674371859296483,0.0023035935637756,0.0761623214042592,5.296445707143008,1.1255351691219897,2.472168288635673,6.1116160473358345,2.0202851032237485,7.655252567530258,6.110111834673434,0.5132364109411848,0.8358914938451716,4063
359-U1467C,1000,2.9007565815324168,2.703343980844794,2.3347061652750494,3.071981796414539,1.2935678391959802,1.20713567839196,1.38,0.0014864759275015,0.0795919584022195,5.604470410933703,1.1259080105601715,2.6045989424397407,6.783935650958216,1.7725142933180726,6.524778149428084,6.782031655546777,0.4606949785668378,0.8241676027933279,3563
359-U1468B,1,0.3960273818597561,0.5503130493759528,0.4904964135742188,0.6220930123380336,0.9398994974874372,0.8926633165829145,0.9871356783919598,0.2035524838203496,0.0967436837302225,0.5398197592094488,1.178817388988936,0.3586314861442802,0.128616542854055,0.2433082239113666,5.804414685404382,0.1285920351286636,,,5248
359-U1468B,3,0.7683163171940528,1.0676395491009028,0.9748013274399546,1.1836873261770875,0.9851256281407036,0.9409045226130652,1.0293467336683415,0.124627261725566,0.0849821112712455,1.0997225232995085,1.152064460821257,0.7109028748329866,0.5053828974458051,0.569698422076737,10.3880507426662,0.5052865606372947,1.2456449419060571,1.0,5246
359-U1468B,8,1.3323590154550655,1.891672227151307,1.730678846117153,2.0526656081854604,1.02321608040201,0.972964824120603,1.073467336683417,0.0725656469990976,0.08284166535244,1.7185305544323717,1.12741414691111,1.1565377259795029,1.3375795116138398,1.2364605354768463,12.50719091678646,1.3373242970533334,1.128539923283877,0.9958542473705568,5241
359-U1468B,10,1.5251309982821148,2.119296616362856,1.9350099540704333,2.303583278655278,0.9991959798994976,0.9549748743718594,1.0434170854271356,0.0657829932178732,0.0851978111054104,1.8338336455149795,1.1376018543436253,1.2910445478456318,1.666796024521932,1.164400085782228,11.772092930195676,1.666477872961611,1.1066654374482383,0.9964638509376872,5239
359-U1468B,20,1.6459027921208644,2.2871190882179517,2.137959147681998,2.585438969289858,1.085427135678392,1.0291457286432162,1.1417085427135678,0.0360788933460658,0.0872575414224529,2.0445424322851857,1.116647081163075,1.3908747404887938,1.9345325437297691,1.2201722002269684,11.580810976082846,1.9341625814915344,0.9497270540670608,0.956136863664736,5229
359-U1468B,50,1.6939050201961916,2.6467265940565494,2.411462007918189,2.8819911801949094,0.9571859296482412,0.9230150753768844,0.991356783919598,0.0144407442790404,0.0942010991294412,1.4008171197865182,1.1517495024362008,1.3454975574151709,1.810363677010191,0.6398840181865261,6.692623109483211,1.8100154631850305,0.7060515543368076,0.8295242349003208,5199
359-U1468B,100,1.7695700330161197,2.5658765478733736,2.352053502217259,2.7262438321154594,1.0542713567839197,1.0050251256281406,1.1035175879396986,0.0073279556902033,0.0747062901752507,1.769192963653901,1.1205223741560668,1.4032076451298412,1.9689916953508344,0.6490030102886649,7.560425861711263,1.9686092926133412,0.5610520049482054,0.7569763475552733,5149
359-U1468B,250,1.6267646329265852,2.260525021170901,2.113099476311929,2.407950566029873,0.9411055276381908,0.906934673366834,0.9752763819095476,0.0030246645949374,0.0996016950706202,1.686650169797885,1.1760247413117042,1.3971372163799725,1.951992401393978,1.582764959254564,13.92746100853752,1.951601924818384,0.4378396200764948,0.6751093615880522,4999
359-U1468B,500,1.5967357970098968,2.2670321784630096,2.0740932696576477,2.4599710872683724,0.9762814070351756,0.9411055276381908,1.0114572864321607,0.0014977965206127,0.0923732755493649,1.9592134052771648,1.1545229162955073,1.419825818718658,2.015905355500107,1.2894272916741851,11.21704436458866,2.015480865006214,0.3597409029884237,0.6237975412076069,4749
359-U1468B,1000,1.7783468580842552,2.47116115487958,2.363719365536989,2.6323238388934653,0.9941708542713568,0.9549748743718594,1.0333668341708542,0.0008836619193489,0.1149576106932909,1.4709831337121777,1.1833320898946784,1.4758452100652817,2.178119084072635,0.6492999884368218,5.65235133310509,2.17760646484833,0.3082588449509683,0.5967073074952154,4249
359-U1471E,1,0.5658590021691974,0.7692145810737527,0.7350272663593637,0.8034018957881417,0.8570854271356783,0.826934673366834,0.8872361809045225,0.2741842507121224,0.1013745887222584,0.2819755815003482,1.263707509217904,0.3872406830427766,0.1499553466034362,0.0280110967807702,0.8151196109890759,0.149932112121471,,,6454
359-U1471E,3,1.2697348729076257,1.6876892685730522,1.61097612000155,1.8027589914303055,0.9370854271356784,0.898894472361809,0.9752763819095476,0.1601705076805054,0.0821231554132243,0.5454752435276633,1.1852568011143307,0.7945186615992429,0.6312599036294523,0.0613749658734458,0.7168407539204802,0.6311620642147544,1.3083597149843216,1.0,6452
359-U1471E,8,2.0441700015511093,2.840544564655396,2.6552916582648267,2.9640465022491087,0.8661306532663315,0.8329648241206029,0.8992964824120602,0.1019626091918384,0.1052523945389971,0.9183044643114662,1.2151950490964158,1.357713035492038,1.8433846867450043,0.0816988802101574,0.5941421874497985,1.8430987576792768,1.2086122746784913,0.9973734976926768,6447
359-U1471E,10,2.384043196276183,3.1687907483837603,3.0247548052754074,3.384844663046289,0.8510552763819095,0.8229145728643215,0.8791959798994974,0.088718648321848,0.108383153558445,1.082956107789844,1.2141986366241548,1.5201699278235496,2.3109166094590563,0.0893730966740477,0.6279015672225801,2.310558049861001,1.1853286954422777,0.997502888192961,6445
359-U1471E,20,2.4723458896658896,3.435530642514893,3.286159745014245,3.659586988765864,0.8970854271356783,0.866934673366834,0.9272361809045224,0.0453211774963131,0.0917195711504745,1.1795676523454088,1.1837282812685492,1.5983085108900743,2.554590095983647,0.1330436186080933,0.848906444169172,2.554193112285747,1.0031125345518204,0.9487542138168898,6435
359-U1471E,50,2.517694254488681,3.498545974466563,3.270379932653526,3.7267120162796,0.9601005025125628,0.926934673366834,0.9932663316582916,0.0192814184711202,0.0944146599321421,0.9610883173450104,1.1761894128955517,1.5957409009970938,2.5463890231150166,-0.006062532247987,0.447176213719954,2.5459914604260057,0.7521747205985465,0.8315397010851536,6405
359-U1471E,100,2.659819386309992,3.4171290726899204,3.2804439097823237,3.553814235597517,0.9830150753768844,0.9468341708542714,1.0191959798994974,0.0098913900649789,0.090956312699609,1.0784274326365293,1.1729598107639148,1.633040410813798,2.666820983350898,-0.1115072341209562,0.4945057643074246,2.6664013419687818,0.594517655734259,0.753930378684816,6355
359-U1471E,250,2.487955825946817,3.607535947622885,3.4572219498052643,3.682692946531695,0.9901507537688442,0.9509547738693468,1.0293467336683415,0.0041592872413204,0.0827662367198785,0.9114756286676426,1.177008279820338,1.6810096904301588,2.825793579320098,-0.0782690965808844,0.3405578901644674,2.8253381734249623,0.4699673877722586,0.6839904055087951,6205
359-U1471E,500,2.826350898404702,3.703697323117829,3.631075806978264,3.776318839257394,0.9970854271356784,0.9568844221105528,1.037286432160804,0.0022417844077084,0.1061939201261165,0.7165851794251381,1.1916799259994983,1.7235549235445775,2.9706415744747554,-0.0744165144667389,-0.0447912452434877,2.970142726183492,0.3908817961528286,0.6419846587862729,5955
359-U1471E,1000,2.8686826764436297,4.3329061258784,3.726299268255424,4.506222370913536,1.1204020100502512,1.0651256281407036,1.175678391959799,0.0011837197632974,0.0884928291087952,0.5590480829939521,1.14184626648015,1.7669970896998868,3.12227871500787,-0.1492306363995249,0.1303304212777392,3.1217063449409577,0.3353421832094533,0.6142148140090333,5455
367-U1499B,1,2.4022834696712465,3.338173071397336,3.047897152145393,3.628448990649278,1.00321608040201,0.9831155778894471,1.023316582914573,0.7964942538996849,0.0604217983070831,2.0300332165140063,1.1151191394502524,1.6473914957665992,2.713898740324113,0.0981518998796618,3.3329971934689078,2.7134798641487268,,,6479
367-U1499B,3,5.121700617569864,7.581183934965393,6.962311777009035,8.045338053432662,0.8470351758793968,0.8188944723618089,0.8751758793969848,0.5798321215846006,0.1039036186516661,5.463768363528267,1.1504900935322255,3.988120870296684,15.905108076095976,0.1560976761602222,3.8570831134642063,15.902652447243714,1.6095341734835995,1.0,6477
367-U1499B,8,7.808081582200246,13.013469303667076,11.929013528361486,14.097925078972663,0.7840201005025125,0.7568844221105526,0.8111557788944722,0.310909648199983,0.115997957962283,8.663327887609244,1.1527477135532331,6.445020144705269,41.538284665656725,0.326601415249472,3.4704542640093443,41.531866512896265,1.3179303104035132,0.9814241439853596,6472
367-U1499B,10,8.617480123647608,14.362466872746012,13.16559463335051,15.559339112141512,0.7999999999999998,0.7708542713567837,0.8291457286432159,0.275532457176405,0.1168642873279796,8.619069923061897,1.1509999433499158,6.952672490788795,48.33965476417127,0.3402427445132316,3.227241631887484,48.332183411039246,1.245700862380594,0.9803212934846094,6470
367-U1499B,20,11.925763699690409,16.932099919456277,15.491070139077015,19.093644590025164,0.8390954773869346,0.8089447236180903,0.8692462311557787,0.158781357445482,0.0988466344829686,9.081938684966822,1.1377656979019115,7.82133558395345,61.17329031681646,0.1188995415689525,1.8624307917671972,61.16382076723182,1.0654348382316934,0.9418152802718566,6460
367-U1499B,50,13.321856594090203,21.277965393338523,18.502578602903064,24.05335218377398,0.8380904522613064,0.8129648241206029,0.8632160804020099,0.0710600660718853,0.0970740185652289,9.042049949345778,1.130900416201728,9.078829424752628,82.42514372375415,0.4492810054734345,1.965341065703312,82.41232488336165,0.8626101232742256,0.8871758886438572,6430
367-U1499B,100,16.156864843260188,24.891669899147725,23.42745402272727,26.355885775568183,0.9131658291457284,0.8830150753768844,0.9433165829145728,0.0488620289892099,0.0878433074247083,5.773844094195288,1.1411785691162963,10.12710047269508,102.55816398406093,0.2654994789891046,0.7647886009144167,102.54208903672796,0.7358572174194183,0.8607980071600186,6380
367-U1499B,250,25.071417287319427,38.62565225827649,37.11092079716761,39.383017988830936,1.0442211055276382,0.9969849246231156,1.0914572864321608,0.030042133912327,0.0439804090965714,3.060584405631201,1.1159664374430531,12.78113241820906,163.35734589179458,0.186899256021048,0.9526839056377052,163.33112480898686,0.6568179416511484,0.8646806507001373,6230
367-U1499B,500,35.590900133779265,41.15197827968228,40.23748987346712,42.06646668589744,1.0442211055276382,0.9969849246231156,1.0914572864321608,0.0182976671677149,0.0755112139491939,3.679665707708928,1.1341742771815388,15.077047594729262,227.31736417373145,0.2045209807974106,0.8410032079545497,227.27935123657863,0.6111246157627189,0.8784076901967642,5980
367-U1499B,1000,41.03349467153285,44.32472288997872,43.45561067644972,46.06294731703671,1.0583919597989948,1.0051256281407035,1.1116582914572863,0.0120039757875354,0.0681880843987614,6.36088656566858,1.1566968147627783,18.79542091193421,353.26784725677385,0.3479339363632137,0.4552863810978151,353.20338232114307,0.5895476680667432,0.8990192195081699,5480
367-U1500B,1,2.614829385412293,3.4937025955092027,3.2249562420084947,3.695262360634734,1.169346733668342,1.1412060301507538,1.19748743718593,0.9798957857313192,0.054550331959956,3.4925575456797007,1.0812952412532946,1.992513931239484,3.970111766183422,-0.1022246099201499,7.156792577568728,3.969555961652247,,,7143
367-U1500B,3,6.091478644447561,6.886755023028214,6.260686384571104,7.356306501871047,1.1304522613065326,1.0952763819095477,1.1656281407035176,0.8553068793876821,0.0641082883763489,9.169821336558138,1.1127328029971608,4.876967297917533,23.784810024957043,-0.121838055057637,8.749471915737043,23.781479285561307,1.6295583755351792,1.0,7141
367-U1500B,8,8.219980703475334,10.982807551032325,9.92676836343306,11.827638901111731,0.9149748743718592,0.8707537688442211,0.9591959798994976,0.4173691786585622,0.0941215689510125,15.55787831499234,1.1342015382853186,7.761018762161491,60.23341222662268,-0.0630446174165534,8.148613589519424,60.22497144576133,1.3141835539162592,0.9782194561006724,7136
367-U1500B,10,9.245998710400894,12.116110810087838,11.165827609296636,13.06639401087904,0.9452261306532662,0.8989949748743717,0.9914572864321608,0.3761916123111927,0.0892029966620303,15.777388939311797,1.1328084513402126,8.306613577517476,68.99982912619768,-0.072780739065973,7.503333311239238,68.99015715687808,1.2351370661154335,0.9765034575271444,7134
367-U1500B,20,10.798488110612018,15.005399103704615,13.700581790338996,16.63642074541164,0.92,0.8808040201005025,0.9591959798994976,0.2081304853292989,0.0966121010797214,15.47328018721054,1.136417376200581,9.15017401168368,83.7256844440914,0.0559993261456212,4.647262213229372,83.71393182134518,1.0437351432441082,0.9315614018132204,7124
367-U1500B,50,12.455726007894,10.7949625401748,9.756985372850298,12.0405351409642,1.1628140703517589,1.1256281407035176,1.2,0.1514983418513531,0.0750641511085681,13.49318639291967,1.2528669192711486,9.837807765714032,96.78246163514332,0.2014706746370178,2.486716784968424,96.76881877333966,0.8106515278897852,0.8479994370154013,7094
367-U1500B,100,12.605209923339007,15.870309438203904,14.898657839946525,17.489728768632872,0.9960804020100502,0.9568844221105528,1.0352763819095476,0.0585442866963199,0.0901226589679621,17.120870907230504,1.1537886984445345,10.793302575330571,116.49538048263754,0.170585515412315,3.855419368806922,116.47884224009316,0.6735834360856877,0.8092981603576852,7044
367-U1500B,250,15.534467638526248,24.811996922646088,23.193823210299605,25.890779397543746,0.9370854271356784,0.904924623115578,0.9692462311557788,0.0232253659209746,0.1000220629525412,12.513840880775389,1.1368711551442503,11.871322198059582,140.92829073014218,0.362202223115505,1.9633535442555117,140.907848564385,0.5648910602105526,0.7800793248561343,6894
367-U1500B,500,22.11986520168573,13.27191912101144,13.27191912101144,13.640583541039534,1.2496482412060304,1.1792964824120604,1.32,0.026441399149568,0.0584227798808146,13.118060924818192,1.4287657550421484,13.14861792541324,172.88615334849834,0.1070793817119817,0.9936870656850844,172.86013195275055,0.5006694101547027,0.7769874184041614,6644
367-U1500B,1000,24.610720865885416,14.76643251953125,14.76643251953125,14.76643251953125,1.2376884422110552,1.1753768844221106,1.3,0.0141941912685276,0.0623652957604499,13.749399626260264,1.4209590890756263,14.179812578124633,201.0670847507415,0.6290335805661398,0.987418537406815,201.03435898824952,0.4543765957065149,0.7795366495183246,6144
368-U1501D,1,2.863483599088842,4.065550151623012,3.633044816343968,4.584556553957865,1.0701507537688442,1.049045226130653,1.0912562814070352,0.9902677445444452,0.0396519975291005,2.3909328275295607,1.1013547191872843,2.001376517406461,4.005507964426013,0.4729338287851291,4.305444788228562,4.003226923443994,,,1756
368-U1501D,3,5.125018472063856,6.81200371911821,5.883094121056636,7.89573158352338,0.9211055276381908,0.8909547738693466,0.9512562814070352,0.5760394325056547,0.0868390065409622,5.8179879780178405,1.1325635781452417,3.824786659882066,14.62899299361181,0.7047353527971537,5.201429157663453,14.62065263272606,1.1790641153928705,1.0,1754
368-U1501D,8,6.40093939393939,8.55236624579124,6.249806102693599,9.868114898989893,0.8919597989949748,0.8567839195979898,0.9271356783919598,0.2961769976885266,0.0918432412525587,14.02372992012994,1.1216961250518125,6.190642785265299,38.324058094757305,1.9089141770182632,13.466672901313856,38.30214611185578,1.0879166915773837,0.9972934818640654,1749
368-U1501D,10,7.270188036634227,9.153368687790175,7.285334261710548,11.208206556477766,0.9336683417085428,0.8904522613065327,0.9768844221105528,0.2874425707947362,0.0883574577424808,15.344545907036649,1.1242462783595228,6.987051004188513,48.8188817351317,2.022528350256698,13.384698742410002,48.79093732658269,1.0776287248018528,0.9980325037012236,1747
368-U1501D,20,10.440960967184797,10.614976983304544,7.961232737478408,13.26872122913068,1.065326633165829,1.0050251256281406,1.1256281407035176,0.1970237220559069,0.056738592340478,20.413752601684315,1.1075780634729235,8.44769245341091,71.36350778741566,1.7257485649868605,9.900443976537945,71.32242344211488,0.9855036623287188,0.9850476305180148,1737
368-U1501D,50,15.513448740480374,23.43177153510057,16.87087550527241,28.11812584212068,1.0342713567839197,0.9850251256281408,1.0835175879396983,0.0846608503711153,0.0522637458226376,19.01622532297316,1.0714511890250176,9.944829996539566,98.89964366007314,1.5862894909143688,5.885480640314238,98.84170596607191,0.8372455359244504,0.949096128329151,1707
368-U1501D,100,25.622467773083887,29.62597836262825,26.33420298900289,34.234463885703754,0.9770854271356784,0.938894472361809,1.0152763819095476,0.0534534385148803,0.0570654337110139,13.383264615951797,1.0974163194645663,12.473406020371716,155.58585774904537,1.1796886514510572,2.36529707628,155.49196163694575,0.7662830412361945,0.9476032968041624,1657
368-U1501D,250,23.95110152621101,23.335691278662537,22.32109600567721,24.350286551647866,1.2568844221105528,1.2337688442211057,1.28,0.0757477012003603,0.0772823434316055,6.11393678374395,1.499288969547006,15.109785180961325,228.30560821479844,0.6467885305154566,0.0033531590775717,228.1541114608404,0.6987220162101263,0.9437897146894776,1507
368-U1501D,500,,,,,,,,,,,,21.272530436877314,452.5205511878718,0.292280790493483,-0.8441842609359282,452.16055074937697,0.6871339851101264,0.958348759037924,1257
368-U1501D,1000,13.524136591809778,15.984778110597388,12.509826347424044,20.84971057904007,0.6971859296482409,0.6831155778894469,0.7112562814070349,0.0031049149589698,0.1087072879670696,35.88076365407988,1.1319933889532632,12.84880867680824,165.09188441322274,-1.861398317783689,7.747881704914285,164.87379737965182,0.5737117847577432,0.868343535108594,757
368-U1502B,1,1.9953328928571432,3.256272429315477,2.9098604687500003,3.741249174107143,0.9340703517587938,0.9109547738693466,0.9571859296482412,0.6168718230762091,0.0731506786477479,1.1330629135274892,1.1207297798135576,1.2689043822802766,1.6101183313700902,-0.1269363971642164,2.2932784945421245,1.6098308102394887,,,5600
368-U1502B,3,4.725531064665952,9.085161633699784,8.343515786050823,9.641396019436506,0.8262311557788943,0.7990954773869345,0.853366834170854,0.4421828933475595,0.0970022181498241,2.3189609763632864,1.1308706475266708,3.122860750750984,9.752259268581,-0.1675499238891824,2.5913515326386545,9.750517171534092,1.639514921459997,1.0,5598
368-U1502B,8,9.05943894153406,13.409857016583228,12.315174811147862,14.230868670659753,0.8670351758793968,0.8348743718592964,0.8991959798994974,0.2622157984704937,0.0824836835221252,2.9532827982482144,1.1279022734715212,4.865629839936537,23.674353739280853,-0.0948650062155607,1.627711912145271,23.670120885045336,1.2996070179398052,0.9742337020925458,5593
368-U1502B,10,9.023409443748884,13.785764427949683,13.15913877213379,15.665641395397367,0.9002010050251255,0.8650251256281406,0.9353768844221104,0.2396390762692049,0.0772859471334285,2.680227200910052,1.1323688048109266,5.146341574229624,26.48483159864425,-0.02315004073478,1.1539991576777346,26.480094551318437,1.2121103896376917,0.9713187574865718,5591
368-U1502B,20,8.75754475900376,12.962990731817026,12.16933823803231,13.756643225601742,0.9201005025125628,0.8849246231155778,0.9552763819095476,0.1356489329015098,0.0922873254739718,3.538841556661549,1.1443449781163233,5.395397331650688,29.11031236638337,0.0185519812555089,1.0355171607355,29.10509639928672,0.9973491395830196,0.9094574130209327,5581
368-U1502B,50,9.696776941091697,13.76740309448748,13.181556154296524,14.646173504773916,0.935075376884422,0.9009045226130652,0.9692462311557788,0.0593321845739548,0.0922932883182618,3.2312608651597863,1.1472836553416796,5.706851429063747,32.568153233406925,-0.1072067000689358,0.7674377217880455,32.56228615482048,0.7569143128081535,0.8113050171890897,5551
368-U1502B,100,11.432657862206872,13.806522237762326,13.219010653176696,14.394033822347955,1.1385929648241206,1.0732663316582916,1.2039195979899495,0.0416486427181938,0.0677488194906083,2.7399125670925315,1.1462105734246015,5.842428064491874,34.13396568876227,-0.1022273295605581,0.7010721784765384,34.12776064137292,0.602614332220364,0.7434006754008999,5501
368-U1502B,250,8.69490848439544,11.617363836095018,9.8300770920804,12.2875963651005,1.1295477386934674,1.0692462311557789,1.1898492462311558,0.0166969237241536,0.0796920857088927,3.219014161587519,1.1756535329066546,5.573538153062884,31.064327543647625,-0.1217383886950962,0.5434199233284756,31.058522212392976,0.4610915727712213,0.6458447792446071,5351
368-U1502B,500,14.83895847872966,8.903375087237796,8.903375087237796,10.634586909756257,1.2939698492462313,1.2879396984924625,1.3,0.013836266736122,0.0481172048037554,5.9666615351616805,1.3400341991797078,7.04292452028812,49.60278579847565,-0.3462457673335931,0.3282259268216947,49.593061668736674,0.4126193059282624,0.6633409545523624,5101
368-U1502B,1000,14.90033199304499,20.255138803045533,19.8050246074223,20.70525299866877,0.9380904522613064,0.906934673366834,0.9692462311557788,0.0052897382642357,0.0964375067382714,1.902424388143364,1.198787544107577,8.916461266569176,79.50328151822839,-0.3251523237306961,-0.4151450462487149,79.48600195258652,0.4018627768822482,0.7179169846477778,4601
368-U1505C,1,2.665858300198811,3.704432262984598,3.221245446073564,4.348681352199311,0.8251256281407033,0.8110552763819094,0.8391959798994973,0.7414375319874126,0.0595630618461923,1.3363725442124352,1.1644497045860294,1.592517971928624,2.5361134909156577,0.1679827539106336,1.582166652240602,2.534852997132896,,,2012
368-U1505C,3,5.443404925373131,7.56406476088308,6.74188380861318,8.87955428451492,0.8369849246231155,0.8128643216080401,0.8611055276381908,0.4937440733636474,0.0600158950194022,3.9540345253135167,1.1449063891591258,3.5437568175218828,12.558212381732822,0.2757106591701739,2.214714355150244,12.55196451487624,1.4561475042772134,1.0,2010
368-U1505C,8,10.176708179551122,16.607822376350793,14.487674838944308,18.02125406795512,0.9312562814070352,0.8930653266331657,0.9694472361809044,0.3097270524049555,0.0606363088987889,2.369878766105816,1.1090491099053734,5.549651944226666,30.79863670205881,0.271945747168809,1.5679216340686877,30.783275785997933,1.2058145036274113,0.9836096425219408,2005
368-U1505C,10,11.733611432850733,15.950378041531463,14.532566660062,17.722642268368293,0.8290452261306531,0.7988944723618089,0.8591959798994974,0.2392696615983836,0.0810960320034021,3.4382646805393944,1.1362050144539866,6.039881697537945,36.48017092025385,0.2424014266494665,1.2581397912356165,36.46195815394319,1.1501251381612343,0.9839564461176158,2003
368-U1505C,20,15.102034269944802,19.789957407906837,18.237803885718066,22.89426445228437,0.9673366834170852,0.9311557788944724,1.0035175879396985,0.168101728004401,0.0303660557829468,3.215168929871096,1.1120647584080496,7.185220887090375,51.62739919627979,0.2876229679180848,1.0742871400072709,51.601494831404594,1.0193335234320553,0.9628608996270523,1993
368-U1505C,50,15.762393937850227,20.65530372272457,17.820262035291787,22.27532754411473,1.0592964824120603,1.0050251256281406,1.11356783919598,0.0900818331171079,0.0340682861639861,2.51837461104392,1.1231561254826912,7.656600303770014,58.62352821169107,0.4447767997530821,0.7371229293425774,58.59366395890874,0.8111393669816482,0.891087714475198,1963
368-U1505C,100,18.089387767903816,19.157164129203696,18.77402084661962,21.072880542124068,1.0854271356783918,1.0311557788944723,1.1396984924623117,0.0633623443404968,0.0648365334913755,3.570186988572253,1.183503921291161,9.122378991412685,83.21779846296748,0.2898274437328447,0.0646748617131502,83.17429726147088,0.706687133230794,0.8775467639206546,1913
368-U1505C,250,,,,,,,,,,,,14.44029300061353,208.52206194356808,0.6650094180465418,0.112198733116696,208.40378510752524,0.6927206710284123,0.9140223762214146,1763
368-U1505C,500,37.43625419695968,29.949003357567747,28.07719064771976,32.444753637365054,1.4687437185929657,1.3320603015075383,1.6054271356783925,0.1054114607814913,0.1207549884482547,2.3935695431669326,2.8360669447562694,19.04284215440133,362.6298373174444,0.3916932796840238,-0.6796109878490459,362.39016128484855,0.6931761432945698,0.938695013043483,1513
368-U1505C,1000,,,,,,,,,,,,22.034318870308063,485.5112080784141,-0.533437420913765,-1.0649413005123385,485.031927517626,0.6797077401678063,0.9517483679475116,1013
369-U1512A,1,3.906621601102534,5.664601321598674,5.310563738998757,6.018638904198591,1.1742713567839198,1.1451256281407036,1.2034170854271358,1.3246156265736104,0.0342966283262074,1.1115110892315927,1.097136337087749,2.265221409231737,5.131228032841816,0.0416318070309759,0.7929248088128831,5.130096560287717,,,4535
369-U1512A,3,7.804491148687404,10.026603211855347,9.425007019144026,11.029263533040885,1.0381909547738697,1.0110552763819096,1.065326633165829,0.8581518388670832,0.0529452657175779,3.4951265410413077,1.1320188822217312,4.64542706216918,21.579992589933777,0.1542451436402726,0.9147140114114743,21.57523194740346,1.3074872007194998,1.0,4533
369-U1512A,8,11.997972481669608,17.034621346370493,16.309743842269622,19.209253858673108,0.8881407035175879,0.8489447236180904,0.9273366834170852,0.4446941542981503,0.0953740994652359,5.712399883508587,1.1495177954776876,7.531940703439435,56.730130760127736,0.2116662341941882,0.8963600338491706,56.71760202100226,1.1586068679435777,0.993656496477256,4528
369-U1512A,10,13.468191920017674,19.122026653108428,17.901471760356824,21.15628480769443,0.8831155778894471,0.8489447236180904,0.917286432160804,0.3808436311467003,0.0946112974681937,5.827988792107838,1.1470353874625492,8.170244943472037,66.75290243633039,0.1732590581789021,0.8740886180832859,66.73815367308771,1.1152449864124123,0.9927436186364512,4526
369-U1512A,20,13.702824300708592,18.62727678377574,17.385458331524028,20.283034720111363,0.868040201005025,0.8348743718592964,0.9012060301507536,0.1984194287916903,0.1107011720090276,6.785704137478945,1.157192945697718,8.470454424712466,71.748598161131,0.2436474374220204,0.8301536791960133,71.7327105176055,0.9295721428184788,0.93531841305873,4516
369-U1512A,50,16.55887279826126,26.44819960833395,24.72331702518174,27.59812133043543,0.8340703517587937,0.806934673366834,0.8612060301507536,0.0829382442282918,0.1012498919727858,4.327351737065015,1.1445476767607292,9.96754466366862,99.3519466222288,0.1881273508052857,0.648055519358631,99.32979950974054,0.7540239967982535,0.8834491392057613,4486
369-U1512A,100,18.193689782236248,29.6910909640661,27.79591494508316,30.954541643388065,0.8900502512562813,0.8609045226130653,0.9191959798994974,0.052335543551092,0.1023402836044134,5.019195718158033,1.1399326645030272,11.309017992460788,127.89388795380184,0.0874591960795902,0.6857205423899577,127.86505705029556,0.6527353640116469,0.8673820463228644,4436
369-U1512A,250,27.55786190853943,36.62899145343366,34.13156021797228,44.95376223830495,0.8681407035175879,0.841005025125628,0.8952763819095476,0.0274122143543418,0.0988014519788957,13.239153644040137,1.1391716730729908,16.501550479900658,272.3011682407096,0.2803879939259758,0.7122222275225818,272.2376355369671,0.6270426773679707,0.9013059342440408,4286
369-U1512A,500,44.71372549925669,46.4060158046105,44.51189271054477,47.35307735164337,1.1976884422110552,1.1353768844221106,1.26,0.0490810053729731,0.0844820544405583,4.869643946327857,1.323013747038822,21.57414294692456,465.44364389433474,0.6011696213309611,-0.0329757227372611,465.32832089039664,0.62492102804838,0.9287907191136906,4036
369-U1512A,1000,44.66031442788461,37.96126726370193,37.21692868990385,38.7056058375,1.501809045226131,1.4636180904522615,1.5400000000000005,0.0753085027063924,0.0504239373522311,2.507392806426188,3.1898577551568232,23.94617058492015,573.419085682095,-0.100409390656736,-0.6080573651852239,573.2569196510764,0.6075856659789766,0.9420853117817266,3536
369-U1513D,1,3.05603065784754,3.042236075016977,2.330223376608749,3.883705627681248,0.770150753768844,0.7530653266331656,0.7872361809045224,0.5283307952416848,0.0707157411503934,5.1189071315802215,1.1093797398206664,1.8032341057056065,3.2516532399798983,0.0056461701158019,10.87057291687423,3.25019509951354,,,2230
369-U1513D,3,14.674327745960497,23.438162372020237,18.342909682450617,28.02388979263289,0.915075376884422,0.8829145728643215,0.9472361809045226,0.2890116462686175,0.0374113193685199,2.1296094948080166,1.031042503100485,3.906745215009068,15.262658174996249,0.1151261833713509,11.798888158294051,15.25580778981896,1.4074530751377028,1.0,2228
369-U1513D,8,19.251810455240665,28.49669026760103,20.936343870074225,34.89390645012371,0.9290452261306532,0.8948743718592964,0.96321608040201,0.1354374664047662,0.0294610705034434,7.731705688921665,1.0267651966682223,5.473377200470434,29.95785797862957,-1.0343730502589532,13.329640429444332,29.94438165925097,1.0746626316350594,0.9642498854352702,2223
369-U1513D,10,14.819668711166146,22.383874615823864,16.116389723393183,26.86064953898864,0.8549748743718593,0.8268341708542712,0.8831155778894472,0.113297347214822,0.0557725283078514,13.714960052667358,1.0395885914030143,5.7956693412915214,33.5897831135865,-1.1243394831241993,14.987008724839855,33.57465939313914,1.0026669202955067,0.9639834999813126,2221
369-U1513D,20,24.030202278104927,42.55348320081081,30.03775284763116,50.0629214127186,0.7599999999999998,0.7409045226130652,0.7790954773869345,0.0595395005070136,0.0341462371023085,4.86176680928421,1.045171636374549,7.418363864703671,55.03212242914118,-0.8752271686856612,12.044398033872753,55.00723227878878,0.924546988856315,0.963313699641273,2211
369-U1513D,50,42.82757301544704,51.72024269018223,45.11765851696748,59.423257558932775,0.7570854271356782,0.7389949748743716,0.7751758793969847,0.0313253037205383,0.0270816767658815,9.320305473486826,1.0468235196621012,10.93268340620066,119.52356646021528,-1.024200396865675,9.831092378974647,119.46876427476816,0.8797269422156783,0.9732926547107986,2181
369-U1513D,100,,73.69846807155004,67.68226659632147,78.21061917797147,0.8061306532663315,0.7850251256281405,0.8272361809045224,0.0212663139453934,0.0456510178669164,1.881602646479807,1.040568174957858,14.962714356216642,223.8828209057316,-1.6994871418922777,7.6168658940678,223.77776092407709,0.8664108221351774,0.9820205073707376,2131
369-U1513D,250,,79.73493454284146,74.85320385654505,82.98942166703907,1.2162814070351762,1.1529648241206032,1.279597989949749,0.029702552789282,0.1263078481442933,0.5561888160627717,1.031921127065095,22.63115045820496,512.1689710619106,-0.5762376099556304,1.9227604366660271,511.9104304404759,0.8645220290268459,0.9883113789248728,1981
369-U1513D,500,46.944393937140376,65.23314740848464,62.39692360811575,68.06937120885354,0.7601005025125627,0.7430150753768843,0.777185929648241,0.0112354574881737,0.202497141571443,1.7087218330259268,1.116691547879968,20.04274785994086,401.7117417771639,0.9593426334590096,1.256031887951142,401.47967260224937,0.7881978475112228,0.9696707258215846,1731
369-U1513D,1000,,,,,,,,,,,,22.190879246666565,492.4351217401369,1.2564881801857528,0.4191720550086373,492.0350932090726,0.7252124008285942,0.9546840624354612,1231
375-U1520C,1,3.975091168787675,5.403639557570745,5.163477799456491,5.883963073799256,1.1403015075376886,1.115175879396985,1.165427135678392,1.324670615077727,0.053867053219009,2.67702301856747,1.091320999863128,2.52055350735178,6.353189983423358,0.0417178987831746,2.957030740242949,6.352126153888291,,,5972
375-U1520C,3,8.727002178894471,9.642125324042432,8.969418906085984,11.436009105259629,1.1642211055276384,1.133065326633166,1.1953768844221109,1.0874999739172766,0.0357984618993525,7.859155740461627,1.112799322153491,5.525682383316052,30.53316580128936,0.0832891936822004,3.2152781488946798,30.528051368156817,1.4289448696940965,1.0,5970
375-U1520C,8,12.641669358591786,16.241033550968616,15.2665715379105,17.540316235046106,0.8820100502512562,0.8488442211055276,0.9151758793969847,0.3803889714586474,0.0805836399403598,11.146032559799544,1.1158280157415246,7.743819051946339,59.966733509287096,0.0027913259279913,3.1007060889168567,59.956680410626696,1.086499593237067,0.9630132697362628,5965
375-U1520C,10,13.550486230085529,17.408610781707104,16.364094134804677,18.801299644243677,0.9411055276381908,0.898894472361809,0.9833165829145728,0.3552300919833498,0.0626314418874138,10.326482956258948,1.113022559464239,8.129327055720253,66.08595837886533,0.005572754823322,2.519672337059573,66.0748757093401,1.0078512927262129,0.9611348119195378,5963
375-U1520C,20,14.33182339240719,22.39347405063624,20.40294302391301,24.38400507735945,0.817185929648241,0.7890452261306531,0.8453266331658289,0.1615815790855371,0.098394759243549,10.131135645918128,1.1200322549638932,9.119395961677505,83.16338270585995,-0.0917394363069958,2.4020266700981603,83.1494127104449,0.8630009752542763,0.92764335234455,5953
375-U1520C,50,16.427038700827282,29.659930987604817,26.80801454648897,31.371080852274325,0.8671356783919597,0.8389949748743717,0.8952763819095476,0.0748668740282284,0.0783240194145622,10.111057102707958,1.0977228251017273,10.521666218173744,110.70546000665856,0.0664695763140644,2.897138183209905,110.6867692317123,0.7078061479481508,0.8849703831940716,5923
375-U1520C,100,24.544982735399284,33.3658359059334,30.399983825405982,37.81461402672452,0.9231155778894472,0.8909547738693466,0.9552763819095476,0.0464958151408332,0.0453691048414994,11.2520202594411,1.0919604377253476,12.195396618458153,148.72769868150056,0.1596103868088884,2.432949934598944,148.70237470760625,0.6245388148394441,0.8800676598265195,5873
375-U1520C,250,52.88591862851652,56.00765688089423,56.00765688089423,57.12781001851212,1.0492462311557789,1.0050251256281406,1.0934673366834171,0.0304237597748379,0.0218332883164337,1.5099653760731475,1.0801035216603323,16.45179588134789,270.66158772153545,0.5474107136582088,1.7205037969788233,270.6142940665081,0.5915130614716522,0.906418209926984,5723
375-U1520C,500,53.57413185090444,64.69820506161307,63.32164750711067,66.07476261611548,0.8700502512562813,0.8429145728643215,0.8971859296482411,0.0130390418884616,0.0456304278112215,4.91383306176743,1.0929683682839064,21.092656259656504,444.9001480880267,0.5290291281073161,1.4471034230699216,444.8188580920304,0.5848936799849546,0.9313585677656236,5473
375-U1520C,1000,61.49998218238488,72.68956227390214,66.36873077182369,74.26977014942176,0.9120603015075376,0.8829145728643215,0.9412060301507535,0.0081654071304537,0.0459964672495138,1.9950170899368485,1.0951384141231273,23.201223829214488,538.2967871733102,0.7169258772324789,1.1660059394617628,538.1885432989541,0.5660139616845175,0.9429282137872088,4973
392-U1579D,1,1.26981532599156,1.6639871667681063,1.500851170026135,1.859750362858472,0.8339698492462311,0.8108542713567838,0.8570854271356783,0.4864726084881579,0.0815350104906075,1.2617146321135315,1.190902227214815,0.9293299307510292,0.8636541201897125,0.0708371224024763,3.406171448387312,0.863471914679124,,,4740
392-U1579D,3,2.7290911678767413,3.792299602028722,3.462534419243616,4.369388671902658,0.8390954773869346,0.8109547738693466,0.8672361809045225,0.3149499674610577,0.0837357232428626,3.1046757983130417,1.159331961445536,2.0727768790405245,4.296403990284977,0.1550882223110147,4.197633341566735,4.295497193326284,1.4603525130301278,1.0,4738
392-U1579D,8,4.19196829264737,6.458251150859853,5.698456897817518,7.0914130283951335,0.8080402010050249,0.7809045226130652,0.8351758793969848,0.1645838261346621,0.0833103304253214,4.054185642866418,1.1543168003432471,3.108427074867827,9.662318879771355,0.2382159570712141,3.37074537330936,9.660277401030646,1.1672412473583629,0.976200210762968,4733
392-U1579D,10,4.737459126083281,6.869315732820757,6.296872755085695,7.584869454989587,0.7601005025125626,0.7389949748743716,0.7812060301507535,0.1398896361016918,0.1059832227170795,4.316626128387918,1.173594440596651,3.3796009482987537,11.421702569741836,0.270917967429885,2.9038107845063257,11.41928834387632,1.108667704753076,0.9776987378733916,4731
392-U1579D,20,5.514921174307139,7.996635702745351,7.330249394183238,8.829618588447993,0.73608040201005,0.7169849246231154,0.7551758793969847,0.0763738543962485,0.1088009599125651,5.4472504132619335,1.171682529905002,3.9701401484516894,15.762012798348,0.3130148202112416,2.8569087894197143,15.758674096208974,0.9775223515458894,0.9558110806008362,4721
392-U1579D,50,7.21704861182605,15.471547961602097,14.840056208067317,16.103039715136877,0.7329648241206028,0.7168844221105526,0.749045226130653,0.0344421505986949,0.1099979607960142,1.6617800144804364,1.1470075252361134,4.612131880083821,21.27176047928552,0.0673591154239508,1.9110877623775784,21.267225889543614,0.8100795052772409,0.913131400849818,4691
392-U1579D,100,7.558168715712993,12.596947859521656,11.022329377081448,14.171566341961864,0.6980904522613063,0.6830150753768841,0.7131658291457283,0.0193167112000904,0.1332777414066087,5.278329720111671,1.1773014591395656,5.324060742463274,28.34562278943859,0.1527698961263003,1.6884582091619258,28.339515135314603,0.7110439640442436,0.8996325462676803,4641
392-U1579D,250,12.52716740550078,18.164392737976133,17.407543040560462,18.921242435391804,0.8422110552763817,0.8190954773869346,0.8653266331658289,0.0121463738396862,0.1219829517601722,2.65137121850433,1.1519468116045952,6.772785787253829,45.87062732002747,-0.1426646018537355,0.6795342177173418,45.86041341948861,0.6484714747170223,0.9066563067545874,4491
392-U1579D,500,9.856922286714454,11.143798251924396,10.890530109835206,11.65033453610278,1.0944723618090453,1.0412060301507535,1.1477386934673368,0.0091869757478803,0.0498368395281392,5.493017977668393,1.1929856436166426,6.622971114419709,43.86374638243784,-0.3916274972680595,1.4135468483156446,43.853403598570246,0.5768549697477432,0.8884134126043031,4241
392-U1579D,1000,12.529953127785085,14.80970848853487,13.843857934934771,15.131658673068236,1.1656281407035176,1.101306532663317,1.2299497487437183,0.0072697497314095,0.0704660728390385,2.786986660839762,1.2751404440807,7.857554419826476,61.74116146053459,-0.0029535498405833,-0.2926137952871026,61.72465754140587,0.5368712039708243,0.8920517248801173,3741
392-U1580A,1,1.3891866534566393,1.606247068059239,1.3206920337375965,1.8561077230906764,0.8170854271356782,0.7949748743718592,0.8391959798994973,0.4370668689055381,0.0885305200519814,1.425419127072305,1.1770281094539663,0.8922408674846494,0.7960937656097596,0.1667749740332111,3.970499117505257,0.7958523787796778,,,3298
392-U1580A,3,2.8375055520024275,4.729175920004046,3.8424554350032873,5.517371906671388,0.803115577889447,0.7769849246231154,0.8292462311557787,0.2729403808314954,0.0849979166352255,3.0789495516799974,1.1343079341758222,2.055411693433295,4.224717229502326,0.1941762972225992,4.746510172468526,4.223435458498229,1.519180577073607,1.0,3296
392-U1580A,8,5.305791922060164,8.013956548945039,7.052281763071635,8.975631334818445,0.73608040201005,0.7149748743718591,0.7571859296482409,0.137178137745524,0.0894406214223346,3.934036336856861,1.1418036521112869,3.144921350622048,9.890530301598409,0.1948846386326482,3.8957734794012975,9.887524974858328,1.217806991455152,0.976869738377034,3291
392-U1580A,10,6.368462573031316,8.345339496743119,7.1999007422881816,9.818046466756613,0.7729648241206029,0.7508542713567837,0.7950753768844219,0.1146720278115464,0.0701354099504634,4.679020352373368,1.124420768183734,3.3724329191860853,11.37330379440998,0.2721451765125924,3.84608444539394,11.36984581210703,1.1474131731068926,0.9761843487595476,3289
392-U1580A,20,6.822502012412321,9.480435088081288,8.037760183373265,11.1292064077476,0.7201005025125625,0.7030150753768841,0.7371859296482409,0.0629563555207953,0.0706406274192603,5.641566425195359,1.1391728368719471,3.994919555153272,15.959382252146014,0.0964863785312499,3.665449708830547,15.954515102938286,1.0089149720012154,0.9533674767567965,3279
392-U1580A,50,11.273980772360726,16.347272119923055,15.666135781592926,17.028408458253182,0.6880402010050248,0.674974874371859,0.7011055276381907,0.0291709050804515,0.0713999810725873,1.7060901855096315,1.1420278006013551,4.969685257051599,24.697771554156017,0.0301697284296969,2.0188527094965583,24.690169900861417,0.8595116412512196,0.9271579281988432,3249
392-U1580A,100,9.58627728380744,13.320931142290757,11.873003844215674,14.768858440365838,0.6730653266331654,0.6589949748743715,0.6871356783919594,0.0181599159119755,0.1068605066760511,4.058816908291523,1.182956541561329,5.432477522442388,29.51181203184178,0.0287073607042775,1.089691416711295,29.502586707668023,0.7461614322829201,0.904377431050352,3199
392-U1580A,250,12.413524761757952,16.266889739886985,14.991055250484084,17.542724229289888,0.77608040201005,0.7569849246231154,0.7951758793969848,0.010612086658099,0.1360928132038645,3.897111814900488,1.1655965775706667,6.745298740614735,45.499055100138726,-0.3346380799016037,0.6886341956972739,45.48413248449421,0.6680725307339046,0.901434909590462,3049
392-U1580A,500,17.191890269381926,17.842555560827282,17.114287986915965,18.20668934778294,1.277889447236181,1.2557788944723618,1.3,0.0177473182724849,0.0405701028857441,2.010749803313093,1.2659663790887958,8.731707879282524,76.24272248912452,-0.2821381830817194,-0.1745274248631987,76.21548321706697,0.6387503294023358,0.919151516019268,2799
392-U1580A,1000,15.948892940321878,20.080099236669145,18.850705405852665,21.71929101109112,0.7180904522613063,0.7010050251256279,0.7351758793969846,0.0032619057191425,0.0991180995809646,3.8616611169471264,1.19628066350408,9.24726760124651,85.51195808906337,-0.3325444760435305,-0.2866202896764038,85.47476280498807,0.6003232744579146,0.9226074435049406,2299
