well,dt,std,variance,skewness,excess_kurtosis,msd,msd_exp,r2,n_samples
349-U1431E,1,0.4473588368473772,0.20012992890543826,0.1338556839997011,3.525506915745293,0.20011839802684264,,,17356
349-U1431E,3,1.307757597365022,1.7102299334659348,0.14174677550916412,3.6468919055425317,1.710131383855847,1.9528420715967254,1.0,17354
349-U1431E,8,3.2091612787446864,10.298716112994232,0.1727525788908462,4.011247105496464,10.2981224928367,1.896278072206789,0.9996561118254503,17349
349-U1431E,10,3.8730087496306207,15.000196774715343,0.18865747548557968,4.184000259121527,14.99933206054144,1.8768061205042341,0.9995705163719635,17347
349-U1431E,20,6.420084563416032,41.21748580141283,0.2878134975336312,4.6573422107324545,41.21510837245732,1.7993170628753332,0.9968086177766159,17337
349-U1431E,50,10.159762470781034,103.22077346269074,0.22338730830676523,3.3045229375245384,103.21480935721533,1.6270162659079328,0.983163125372023,17307
349-U1431E,100,11.863596321993496,140.7449176912176,0.15749339903594478,2.8201098434791136,140.73676187516085,1.4477302262928813,0.9614328110619931,17257
349-U1431E,250,13.258886112537036,175.7980609452275,0.21760167898140376,2.006751526729455,175.78778456357406,1.2425132844552127,0.9224526376848652,17107
349-U1431E,500,15.605959218943749,243.54596314333537,0.26221102019233555,1.9759601825068245,243.53151537901533,1.1049555004356897,0.9015117995383987,16857
349-U1431E,1000,17.291421894548453,298.9932711352696,0.2433389895731931,1.4985818352453286,298.9749919110149,0.9955905246234096,0.8841136396374348,16357
349-U1433B,1,2.907121307917163,8.451354298945995,0.17921998216732987,3.514486608751292,8.449771055353088,,,5338
349-U1433B,3,7.533287554674827,56.750421381418626,0.17124183839419208,3.032856367459157,56.73978599510278,1.7334016107222858,1.0,5336
349-U1433B,8,13.578774817432963,184.3831255425516,0.1049727284554731,1.563568525616832,184.34853857471396,1.487460905289229,0.989540909838316,5331
349-U1433B,10,14.822146546032446,219.69602823206156,0.0728379932030464,1.3085727442620856,219.65480173023536,1.4162896705066652,0.9878425656859119,5329
349-U1433B,20,17.517638319575962,306.86765229547615,-0.03510934303654222,0.5630402651254998,306.809959561448,1.2317933994748227,0.9567416558932774,5319
349-U1433B,50,19.187887798838617,368.17503818081985,0.10650020752261112,0.7721374372174044,368.1054267158585,0.97526618271563,0.8826021956023619,5289
349-U1433B,100,20.288294851180282,411.6149079684283,-0.08494908431737044,0.8731550473644711,411.53634051128614,0.8027167816673103,0.8306566148695118,5239
349-U1433B,250,21.88567323208637,478.9826928216618,0.06026093741047617,0.05879399892903292,478.8885716401287,0.6604986219821448,0.7831385984637378,5089
349-U1433B,500,24.279276216796763,589.483253611513,-0.02117393344660893,-0.23459154334480692,589.3614343815871,0.5759892218220779,0.7679068271734527,4839
349-U1433B,1000,27.40160519243539,750.8479671221021,0.11314921163772841,-0.506304880252844,750.6749208056417,0.5223677862107919,0.7709406574183397,4339
353-U1445A,1,2.488947108048406,6.194857706662523,-0.1878978522837727,1.8184312087794083,6.192609935361122,,,2756
353-U1445A,3,5.680676342624217,32.27008370965045,-0.15286250925885722,2.384044816340296,32.25836617743925,1.5022777441764399,1.0,2754
353-U1445A,8,9.014083145164605,81.25369494794062,-0.02487076273364572,2.026933740179139,81.22413740157907,1.2430344389536279,0.9834614824970298,2749
353-U1445A,10,9.648946971515807,93.10217765912407,0.1024049573913536,1.7727805513012438,93.06828534836355,1.1747213589287426,0.981762942018829,2747
353-U1445A,20,10.384631125191625,107.84056360629867,0.7217876859204297,2.734246582044488,107.80116259657771,0.9866859297784186,0.9317994465911266,2737
353-U1445A,50,11.50248308914605,132.30711721609086,1.0069943364017082,3.2189875384224758,132.25824129543474,0.7766059351669509,0.8586928217731224,2707
353-U1445A,100,13.890761191079655,192.95324646760466,0.839470672100712,1.5333115841913543,192.88062575007825,0.6788482946559959,0.8532296912275172,2657
353-U1445A,250,17.537503682498492,307.5640354136482,0.43937473303558944,-0.33144347003889196,307.44135330937473,0.6184890220786643,0.8693264016057312,2507
353-U1445A,500,21.481334969131165,461.4477520560174,-0.03698264642148099,-0.994471033493249,461.2433002385358,0.5900756223241935,0.8927827879025142,2257
353-U1445A,1000,23.490647724498828,551.810530516502,-0.6649930398616494,-0.0814993605146146,551.4964664695376,0.5591898897417145,0.9041634978228782,1757
355-U1456C,1,2.299555552218778,5.2879557377402095,-0.09623956468832985,1.9961753363709445,5.286203598662098,,,3018
355-U1456C,3,5.169393890267293,26.72263319273282,-0.08338224127295135,2.0189455503872953,26.713772903212682,1.4746594009234217,1.0,3016
355-U1456C,8,8.152608376952083,66.46502334794927,0.13005669622386512,1.7783260945557693,66.44294927842157,1.22240015246351,0.9838018475295588,3011
355-U1456C,10,8.805942382503376,77.54462124396925,0.2885923585460587,1.9736171406885257,77.51885034957112,1.1612173162979664,0.9832214455464918,3009
355-U1456C,20,10.603652214410301,112.43744028416849,0.3988907580554436,1.8969945070565561,112.39994864019243,1.0321020019280103,0.9635695447608968,2999
355-U1456C,50,12.674117168804857,160.63324600859406,0.684097849452092,2.620796205522838,160.57914252391618,0.8668076606447082,0.9269026665195833,2969
355-U1456C,100,14.56302319048512,212.0816444466074,0.7175289187607639,1.5360851157352542,212.00898886440575,0.7615133668075434,0.9110769132960608,2919
355-U1456C,250,19.864246875715622,394.58830393937785,1.1202777260356496,1.571400053316503,394.44580184333614,0.7069997184752529,0.9229622303832566,2769
355-U1456C,500,27.13068551678436,736.0740966106526,0.9114147524090184,0.07925469599167467,735.7818877592788,0.6951632601779655,0.9427908479360034,2519
355-U1456C,1000,38.60938735087316,1490.6847916097647,0.30005118404566344,-1.5162875877392115,1489.9464633325929,0.7054628719535715,0.9581905556576047,2019
356-U1459C,1,0.8750388917012335,0.7656930619897231,0.05641713763053868,11.780003690987298,0.7653845635763509,,,2482
356-U1459C,3,1.7390835830700282,3.0244117089036875,0.11793063698648089,21.369178412351673,3.0231921880533235,1.2503866716219891,1.0,2480
356-U1459C,8,2.546143610618754,6.482847285894706,0.007788385592236165,7.195443392406776,6.480227953657979,1.031709183397615,0.9829271765805212,2475
356-U1459C,10,2.7597558358577574,7.616252273550949,0.14409028301627652,6.484336648236027,7.613172511208227,0.9881287484782334,0.9842881704478008,2473
356-U1459C,20,3.225035719102217,10.400855389485153,0.49722932821574767,5.552044247355628,10.396632549294539,0.880700541656617,0.9655538431715176,2463
356-U1459C,50,3.892983232185474,15.15531844607726,0.7017668300282108,4.732501410735265,15.149089379720468,0.7547070088708178,0.9392147829188742,2433
356-U1459C,100,4.104657289770688,16.84821146646765,-0.3482872243625327,3.9217213011003302,16.841141297996618,0.6497231401987373,0.9088855821664436,2383
356-U1459C,250,4.6864918302911205,21.963205675385417,-0.06112789344585081,2.9264197280714743,21.953369936166702,0.5660870479343725,0.8895724730090561,2233
356-U1459C,500,5.9023857895396175,34.83815800855921,-0.48112137583371617,2.1053887794313475,34.82058959806574,0.5357579527509637,0.9060803808335185,1983
356-U1459C,1000,7.010262842731603,49.143785124183374,0.3022746671777084,0.5804017343293566,49.11064703576518,0.5186132293474964,0.9226802111177564,1483
356-U1461D,1,1.027529706306227,1.055817297341761,-0.11558547938850668,2.7370299086999736,1.0556551881298244,,,6513
356-U1461D,3,2.2819637655800813,5.207358627420424,-0.08569556107771435,2.7762691010451066,5.206558848795418,1.4525211111878098,1.0,6511
356-U1461D,8,3.650159476391139,13.323664203088033,-0.14267834573741797,1.7023979988104951,13.321616298968284,1.22383623768435,0.9866802782352696,6506
356-U1461D,10,4.037937147623823,16.304936408160415,-0.12869866756055814,1.594915508757257,16.302429499118567,1.178567768695432,0.9879140054393025,6504
356-U1461D,20,4.667578599819833,21.78628998549607,-0.014009822862709175,1.5709585921270817,21.782935151805667,1.0336556519729068,0.9609643195883109,6494
356-U1461D,50,4.954997344417576,24.55199868318523,-0.051773247060227415,1.2666412390015473,24.54820041606221,0.8158578287021219,0.883529292148894,6464
356-U1461D,100,5.322446736567703,28.328439263600192,0.09525693359390887,1.2414153323399013,28.32402260640287,0.6775716939837932,0.8384216043247249,6414
356-U1461D,250,5.6157780468812595,31.536963071833494,0.2569372048114367,1.1872651738995357,31.531928435327767,0.5583313223444407,0.7908583592547025,6264
356-U1461D,500,6.354244135374702,40.3764185319438,0.06734868522722585,0.7338992796644637,40.369704794243106,0.49374113792608315,0.784854204118529,6014
356-U1461D,1000,7.238094928217331,52.390018189885446,0.26920644001659183,0.3362553364844443,52.38051691709076,0.4555452987552694,0.7972052218184668,5514
356-U1462A,1,0.8657860344426884,0.749585457435996,-0.08466073085815133,1.8628560226735154,0.7494389968151606,,,5118
356-U1462A,3,1.9706612075273349,3.8835055948530934,-0.07162090687870877,1.9505604897595692,3.88274650462736,1.4973190622359138,1.0,5116
356-U1462A,8,3.1894244816527313,10.172428524165793,-0.03309960468780896,1.0962080983761853,10.170438223143652,1.2589885165577641,0.9863343442252036,5111
356-U1462A,10,3.5382272789872187,12.519052277769298,-0.025416951915860467,0.9760840813955003,12.516601885857423,1.2120357102675747,0.9876182067279871,5109
356-U1462A,20,4.0037254088696255,16.02981714962825,-0.02231264934928906,1.17452022608986,16.026673431811105,1.0506824777839994,0.9548589105287533,5099
356-U1462A,50,4.257196998625959,18.123726285109875,0.16849781527326152,1.260615164971064,18.120150880437333,0.8239785973363447,0.8738480265862336,5069
356-U1462A,100,4.530111361094266,20.521908943915346,0.24135382143500572,1.7298566608844128,20.517820099734454,0.6790031642016128,0.8243466290234637,5019
356-U1462A,250,4.774226805939212,22.79324159454853,0.44705857280827727,1.1145570184228335,22.78856029621324,0.5564438445364388,0.7744894031452599,4869
356-U1462A,500,5.232315839019738,27.377129039256825,0.3311637025323072,0.22875679331901333,27.37120197083525,0.4847989424716522,0.759598940300369,4619
356-U1462A,1000,5.659472974027676,32.02963434374967,0.20016103234513918,-0.04004577252629904,32.021858273260776,0.4360248230627555,0.7576626178311757,4119
356-U1463B,1,1.1141348447193118,1.241296452217725,-0.13563451721055805,2.1875156486201917,1.24085952984806,,,2841
356-U1463B,3,2.6968494852823586,7.2729971462677225,-0.10189416736461535,2.269369520588018,7.270435329731525,1.609313749321772,1.0,2839
356-U1463B,8,4.555948293631023,20.756664854239435,0.09697045660849545,1.716573200048682,20.74934069585756,1.359628339076805,0.987129059061553,2834
356-U1463B,10,5.00552836281532,25.055314190948618,0.06858041722665423,1.9055490596279325,25.046466975485714,1.2996895587998771,0.9869104055038311,2832
356-U1463B,20,5.770029218088491,33.29323717759489,-0.3765560747483008,1.8934857159104492,33.28143943231579,1.1272641387336235,0.9545992105438864,2822
356-U1463B,50,6.750856195257121,45.57405936904146,-0.47503264464935174,2.0208046309494634,45.557736281874895,0.9196292938733063,0.9021580531574849,2792
356-U1463B,100,7.974836884387933,63.59802333259424,-0.71477231493181,2.1553049454283713,63.574829305120645,0.8020373922282241,0.8870991614932957,2742
356-U1463B,250,10.801733594333529,116.67744864295354,-0.712610614316364,1.3000557103901,116.63243419517462,0.7362841087528699,0.8997647794139592,2592
356-U1463B,500,14.404279774007422,207.48327580787932,-0.9091864666139572,0.36372958643244946,207.39468346124914,0.7134322103929271,0.9218061918533327,2342
356-U1463B,1000,13.389271226650122,179.27258398080085,-1.2813451062518386,0.9995941622013045,179.1752590166419,0.6555767020004747,0.9136238781359666,1842
356-U1464C,1,0.9274795722437613,0.8602183569294705,-0.03497083246830821,2.9055096308384147,0.8600428379829435,,,4901
356-U1464C,3,1.836144245958565,3.3714256919667474,0.02487811566450396,4.267361468307261,3.3707375054609363,1.2432999869269357,1.0,4899
356-U1464C,8,2.9895644435375623,8.937495562064054,-0.019981239237791184,4.002281077977149,8.935669347196448,1.128042100560265,0.9959799475057444,4894
356-U1464C,10,3.3151026798148653,10.989905777715702,-0.06467804967417042,3.83143844828475,10.98765927203751,1.1026662966770862,0.9962742808669416,4892
356-U1464C,20,3.855697834451914,14.86640579059718,-0.1218622041071569,4.570939334169162,14.863360643978867,0.9815641382043391,0.9738842881583019,4882
356-U1464C,50,3.9947249283009607,15.957827252789116,0.20721911410550078,4.156652891818395,15.954538335383347,0.7730185670107058,0.8918163963087792,4852
356-U1464C,100,4.859721830201721,23.616896266939165,-0.03806919161425091,4.473020195506174,23.611978129440846,0.6782886365743794,0.8823704187941133,4802
356-U1464C,250,6.6738514236692845,44.54029282521254,-0.49464134901233375,3.1975314025453594,44.53071838565424,0.6387278407126868,0.906191463775017,4652
356-U1464C,500,8.871875171030332,78.71016905034449,-0.39161730301614084,1.194252767828754,78.6922885030818,0.632811797535106,0.9315171175495787,4402
356-U1464C,1000,13.481267097697842,181.74456255947038,0.11656840553342922,-0.15543657362343,181.6979852753701,0.6587127179282842,0.9489694068670562,3902
359-U1466B,1,0.4440933377312496,0.1972188926172817,0.07283233749213375,0.5123373387300543,0.19713116179316373,,,2248
359-U1466B,3,0.9909661640453109,0.982013938282678,0.025696472809911216,0.21613823002359123,0.9815767103493377,1.4611987143797527,1.0,2246
359-U1466B,8,1.6490611965052795,2.719402829819424,0.029075143363152076,-0.027645247672360984,2.7181893524299467,1.2657796981438705,0.9908688804805629,2241
359-U1466B,10,1.8701728478084672,3.497546480680032,0.030583720210016152,0.008225388279369916,3.495984378634172,1.2355159095210557,0.9926357130725848,2239
359-U1466B,20,2.0028347588108297,4.011347071100834,0.10135864113528739,0.16177751898481318,4.009547453751754,1.05087873601908,0.9480462165558398,2229
359-U1466B,50,1.9329568548823688,3.736322202836739,0.029106938084514988,-0.044985923111912296,3.7346231022442713,0.7773582671816338,0.8186501348052758,2199
359-U1466B,100,1.8788640126170209,3.5301299779073325,-0.2215124843764561,0.2074294033226609,3.5284872929478603,0.5942844016333646,0.7125672091681572,2149
359-U1466B,250,1.9405315776529908,3.7656628038684055,0.08981449116572827,-0.33447444697514994,3.763779030579827,0.4595128281778564,0.629588026067493,1999
359-U1466B,500,1.9990161831178364,3.9960657003670033,0.06541057054196171,-0.19417336573481458,3.99378092866868,0.3774519951079136,0.5834332918134902,1749
359-U1466B,1000,2.1677287521806448,4.6990479430306555,0.010516964243157295,-0.3454070605568349,4.695285694877709,0.3292212773144025,0.5733839941002508,1249
359-U1467C,1,0.4170194699270763,0.17390523829825968,-0.01082927579217112,1.1762459368831717,0.17386711790406892,,,4562
359-U1467C,3,0.814838182049599,0.6639612629258954,0.043078367740067305,1.0309674378079574,0.6638156573857802,1.21945947909313,1.0,4560
359-U1467C,8,1.328499753305917,1.7649115945338825,0.3165552661657826,1.660115881760845,1.764524127663513,1.1165009282867118,0.9967230364894746,4555
359-U1467C,10,1.49858278312577,2.2457503578809788,0.3597879980718206,2.021560651235287,2.245257111591086,1.1028081437852078,0.997523800542138,4553
359-U1467C,20,1.6789212297115912,2.8187764955762815,0.917178065905799,5.070251574313065,2.8181560296956794,0.968642247879935,0.9688714339364399,4543
359-U1467C,50,1.9184820730864278,3.680573464753998,2.046080462095813,11.301006291330939,3.679757915570582,0.7951821006966983,0.9171112458165313,4513
359-U1467C,100,2.2690211387785464,5.148456928223892,2.1782101436391788,9.470664102292073,5.147303341639033,0.7025213945102508,0.9064114916538961,4463
359-U1467C,250,2.2099970584318784,4.884086998277556,2.1207652519822875,9.099937818924197,4.8829545876588965,0.5819329241117479,0.8518275165089193,4313
359-U1467C,500,2.4721682886356735,6.1116160473358345,2.0202851032237485,7.655252567530258,6.110111834673434,0.5132364109411848,0.8358914938451716,4063
359-U1467C,1000,2.6045989424397407,6.783935650958216,1.7725142933180726,6.524778149428084,6.782031655546777,0.46069497856683783,0.8241676027933279,3563
359-U1468B,1,0.3586314861442802,0.12861654285405505,0.24330822391136667,5.804414685404382,0.12859203512866363,,,5248
359-U1468B,3,0.7109028748329866,0.5053828974458051,0.569698422076737,10.3880507426662,0.5052865606372947,1.2456449419060573,1.0,5246
359-U1468B,8,1.1565377259795029,1.3375795116138398,1.2364605354768465,12.50719091678646,1.3373242970533334,1.128539923283877,0.9958542473705568,5241
359-U1468B,10,1.2910445478456318,1.666796024521932,1.1644000857822279,11.772092930195676,1.666477872961611,1.1066654374482385,0.9964638509376873,5239
359-U1468B,20,1.3908747404887938,1.9345325437297693,1.2201722002269684,11.580810976082846,1.9341625814915346,0.9497270540670608,0.956136863664736,5229
359-U1468B,50,1.3454975574151709,1.810363677010191,0.6398840181865261,6.692623109483211,1.8100154631850303,0.7060515543368076,0.8295242349003208,5199
359-U1468B,100,1.4032076451298412,1.9689916953508344,0.6490030102886649,7.560425861711263,1.9686092926133414,0.5610520049482054,0.7569763475552733,5149
359-U1468B,250,1.3971372163799725,1.951992401393978,1.582764959254564,13.92746100853752,1.9516019248183838,0.43783962007649485,0.6751093615880522,4999
359-U1468B,500,1.4198258187186579,2.015905355500107,1.2894272916741853,11.21704436458866,2.015480865006214,0.3597409029884237,0.6237975412076069,4749
359-U1468B,1000,1.4758452100652817,2.178119084072635,0.6492999884368218,5.65235133310509,2.17760646484833,0.3082588449509683,0.5967073074952154,4249
359-U1471E,1,0.38724068304277665,0.1499553466034362,0.02801109678077021,0.8151196109890759,0.149932112121471,,,6454
359-U1471E,3,0.7945186615992429,0.6312599036294523,0.06137496587344581,0.7168407539204802,0.6311620642147544,1.3083597149843216,1.0,6452
359-U1471E,8,1.3577130354920381,1.8433846867450043,0.08169888021015745,0.5941421874497985,1.8430987576792772,1.2086122746784913,0.9973734976926769,6447
359-U1471E,10,1.5201699278235496,2.3109166094590563,0.08937309667404776,0.6279015672225801,2.3105580498610014,1.1853286954422775,0.997502888192961,6445
359-U1471E,20,1.5983085108900743,2.554590095983647,0.1330436186080933,0.848906444169172,2.554193112285747,1.0031125345518204,0.9487542138168898,6435
359-U1471E,50,1.5957409009970938,2.5463890231150166,-0.00606253224798707,0.447176213719954,2.5459914604260057,0.7521747205985465,0.8315397010851536,6405
359-U1471E,100,1.633040410813798,2.666820983350898,-0.11150723412095623,0.49450576430742466,2.6664013419687818,0.594517655734259,0.753930378684816,6355
359-U1471E,250,1.6810096904301588,2.825793579320098,-0.0782690965808844,0.34055789016446747,2.8253381734249623,0.4699673877722586,0.6839904055087951,6205
359-U1471E,500,1.7235549235445777,2.9706415744747554,-0.07441651446673893,-0.044791245243487765,2.9701427261834916,0.3908817961528286,0.6419846587862729,5955
359-U1471E,1000,1.7669970896998868,3.12227871500787,-0.14923063639952497,0.1303304212777392,3.1217063449409577,0.33534218320945336,0.6142148140090333,5455
367-U1499B,1,1.6473914957665992,2.713898740324113,0.09815189987966187,3.3329971934689073,2.7134798641487268,,,6479
367-U1499B,3,3.9881208702966835,15.905108076095976,0.15609767616022227,3.8570831134642063,15.902652447243714,1.6095341734835995,1.0,6477
367-U1499B,8,6.445020144705269,41.538284665656725,0.326601415249472,3.4704542640093443,41.531866512896265,1.3179303104035132,0.9814241439853595,6472
367-U1499B,10,6.952672490788795,48.33965476417127,0.3402427445132316,3.227241631887484,48.332183411039246,1.245700862380594,0.9803212934846094,6470
367-U1499B,20,7.82133558395345,61.17329031681646,0.11889954156895252,1.8624307917671974,61.16382076723182,1.0654348382316934,0.9418152802718566,6460
367-U1499B,50,9.078829424752628,82.42514372375415,0.4492810054734345,1.9653410657033117,82.41232488336165,0.8626101232742256,0.8871758886438572,6430
367-U1499B,100,10.12710047269508,102.55816398406091,0.26549947898910464,0.7647886009144167,102.54208903672797,0.7358572174194183,0.8607980071600186,6380
367-U1499B,250,12.78113241820906,163.35734589179458,0.18689925602104807,0.9526839056377052,163.33112480898686,0.6568179416511484,0.8646806507001373,6230
367-U1499B,500,15.077047594729262,227.31736417373142,0.20452098079741063,0.8410032079545497,227.27935123657863,0.6111246157627189,0.8784076901967642,5980
367-U1499B,1000,18.79542091193421,353.26784725677385,0.34793393636321374,0.45528638109781516,353.20338232114307,0.5895476680667432,0.8990192195081699,5480
367-U1500B,1,1.9925139312394837,3.970111766183422,-0.10222460992014995,7.156792577568728,3.969555961652247,,,7143
367-U1500B,3,4.876967297917533,23.784810024957043,-0.12183805505763703,8.749471915737043,23.781479285561307,1.6295583755351792,1.0,7141
367-U1500B,8,7.761018762161491,60.23341222662268,-0.06304461741655344,8.148613589519424,60.224971445761334,1.3141835539162592,0.9782194561006725,7136
367-U1500B,10,8.306613577517476,68.99982912619768,-0.07278073906597306,7.503333311239238,68.99015715687808,1.2351370661154337,0.9765034575271445,7134
367-U1500B,20,9.15017401168368,83.7256844440914,0.05599932614562129,4.647262213229372,83.71393182134518,1.0437351432441082,0.9315614018132204,7124
367-U1500B,50,9.837807765714032,96.78246163514332,0.20147067463701784,2.486716784968424,96.76881877333966,0.8106515278897852,0.8479994370154013,7094
367-U1500B,100,10.793302575330571,116.49538048263754,0.17058551541231504,3.8554193688069223,116.47884224009317,0.6735834360856877,0.8092981603576852,7044
367-U1500B,250,11.871322198059582,140.92829073014218,0.36220222311550504,1.9633535442555115,140.907848564385,0.5648910602105526,0.7800793248561343,6894
367-U1500B,500,13.14861792541324,172.88615334849834,0.10707938171198172,0.9936870656850845,172.86013195275055,0.5006694101547027,0.7769874184041614,6644
367-U1500B,1000,14.179812578124631,201.0670847507415,0.6290335805661398,0.987418537406815,201.03435898824952,0.45437659570651495,0.7795366495183246,6144
368-U1501D,1,2.001376517406461,4.005507964426013,0.4729338287851291,4.305444788228562,4.003226923443994,,,1756
368-U1501D,3,3.824786659882066,14.62899299361181,0.7047353527971537,5.201429157663453,14.62065263272606,1.1790641153928703,1.0,1754
368-U1501D,8,6.190642785265299,38.324058094757305,1.9089141770182632,13.466672901313856,38.302146111855784,1.0879166915773835,0.9972934818640654,1749
368-U1501D,10,6.987051004188513,48.818881735131704,2.022528350256698,13.384698742410002,48.79093732658269,1.0776287248018528,0.9980325037012235,1747
368-U1501D,20,8.44769245341091,71.36350778741566,1.7257485649868605,9.900443976537943,71.32242344211488,0.9855036623287189,0.9850476305180149,1737
368-U1501D,50,9.944829996539566,98.89964366007314,1.5862894909143688,5.885480640314238,98.84170596607191,0.8372455359244504,0.949096128329151,1707
368-U1501D,100,12.473406020371716,155.58585774904537,1.1796886514510572,2.36529707628,155.49196163694575,0.7662830412361945,0.9476032968041623,1657
368-U1501D,250,15.109785180961325,228.30560821479844,0.6467885305154566,0.0033531590775717213,228.1541114608404,0.6987220162101263,0.9437897146894776,1507
368-U1501D,500,21.272530436877314,452.5205511878718,0.29228079049348304,-0.8441842609359282,452.16055074937697,0.6871339851101264,0.958348759037924,1257
368-U1501D,1000,12.848808676808241,165.09188441322274,-1.861398317783689,7.747881704914285,164.87379737965182,0.5737117847577432,0.868343535108594,757
368-U1502B,1,1.2689043822802766,1.6101183313700902,-0.12693639716421648,2.2932784945421245,1.6098308102394887,,,5600
368-U1502B,3,3.1228607507509842,9.752259268581001,-0.1675499238891824,2.5913515326386545,9.750517171534092,1.6395149214599973,1.0,5598
368-U1502B,8,4.865629839936537,23.674353739280853,-0.09486500621556072,1.627711912145271,23.670120885045336,1.2996070179398052,0.9742337020925458,5593
368-U1502B,10,5.146341574229624,26.48483159864425,-0.02315004073478,1.1539991576777346,26.480094551318434,1.2121103896376915,0.9713187574865718,5591
368-U1502B,20,5.395397331650688,29.11031236638337,0.018551981255508998,1.0355171607355,29.105096399286722,0.9973491395830195,0.9094574130209327,5581
368-U1502B,50,5.706851429063747,32.568153233406925,-0.10720670006893583,0.7674377217880455,32.56228615482048,0.7569143128081535,0.8113050171890897,5551
368-U1502B,100,5.842428064491874,34.13396568876227,-0.10222732956055816,0.7010721784765384,34.12776064137292,0.602614332220364,0.7434006754008999,5501
368-U1502B,250,5.573538153062884,31.064327543647625,-0.12173838869509625,0.5434199233284756,31.058522212392976,0.46109157277122137,0.6458447792446071,5351
368-U1502B,500,7.04292452028812,49.60278579847565,-0.34624576733359314,0.3282259268216947,49.593061668736674,0.4126193059282624,0.6633409545523624,5101
368-U1502B,1000,8.916461266569176,79.50328151822839,-0.32515232373069614,-0.41514504624871496,79.48600195258652,0.40186277688224825,0.7179169846477778,4601
368-U1505C,1,1.592517971928624,2.5361134909156577,0.1679827539106336,1.582166652240602,2.534852997132896,,,2012
368-U1505C,3,3.5437568175218828,12.558212381732822,0.2757106591701739,2.214714355150244,12.55196451487624,1.4561475042772134,1.0,2010
368-U1505C,8,5.549651944226666,30.79863670205881,0.271945747168809,1.5679216340686875,30.783275785997933,1.2058145036274113,0.9836096425219407,2005
368-U1505C,10,6.039881697537945,36.48017092025385,0.24240142664946654,1.2581397912356165,36.461958153943186,1.1501251381612345,0.9839564461176158,2003
368-U1505C,20,7.185220887090375,51.62739919627979,0.2876229679180848,1.0742871400072707,51.601494831404594,1.0193335234320553,0.9628608996270523,1993
368-U1505C,50,7.656600303770014,58.62352821169107,0.4447767997530821,0.7371229293425774,58.59366395890874,0.8111393669816482,0.891087714475198,1963
368-U1505C,100,9.122378991412683,83.21779846296748,0.28982744373284475,0.06467486171315029,83.17429726147088,0.706687133230794,0.8775467639206546,1913
368-U1505C,250,14.44029300061353,208.52206194356808,0.6650094180465418,0.11219873311669604,208.40378510752524,0.6927206710284123,0.9140223762214146,1763
368-U1505C,500,19.04284215440133,362.62983731744436,0.3916932796840238,-0.6796109878490459,362.39016128484855,0.6931761432945698,0.938695013043483,1513
368-U1505C,1000,22.034318870308066,485.51120807841414,-0.533437420913765,-1.0649413005123385,485.031927517626,0.6797077401678063,0.9517483679475117,1013
369-U1512A,1,2.265221409231737,5.131228032841816,0.04163180703097597,0.7929248088128831,5.130096560287717,,,4535
369-U1512A,3,4.64542706216918,21.579992589933777,0.15424514364027267,0.9147140114114745,21.57523194740346,1.3074872007194998,1.0,4533
369-U1512A,8,7.531940703439435,56.730130760127736,0.21166623419418823,0.8963600338491706,56.71760202100226,1.1586068679435775,0.993656496477256,4528
369-U1512A,10,8.170244943472037,66.75290243633039,0.1732590581789021,0.8740886180832859,66.73815367308771,1.1152449864124125,0.9927436186364513,4526
369-U1512A,20,8.470454424712466,71.748598161131,0.24364743742202044,0.8301536791960133,71.7327105176055,0.9295721428184788,0.93531841305873,4516
369-U1512A,50,9.96754466366862,99.3519466222288,0.1881273508052857,0.648055519358631,99.32979950974054,0.7540239967982535,0.8834491392057613,4486
369-U1512A,100,11.309017992460788,127.89388795380184,0.08745919607959023,0.6857205423899577,127.86505705029556,0.6527353640116469,0.8673820463228644,4436
369-U1512A,250,16.501550479900658,272.3011682407096,0.28038799392597585,0.7122222275225818,272.2376355369671,0.6270426773679707,0.9013059342440408,4286
369-U1512A,500,21.57414294692456,465.44364389433474,0.6011696213309611,-0.032975722737261126,465.32832089039664,0.62492102804838,0.9287907191136906,4036
369-U1512A,1000,23.94617058492015,573.419085682095,-0.100409390656736,-0.6080573651852239,573.2569196510764,0.6075856659789766,0.9420853117817266,3536
369-U1513D,1,1.8032341057056065,3.2516532399798983,0.005646170115801911,10.87057291687423,3.2501950995135402,,,2230
369-U1513D,3,3.906745215009068,15.262658174996247,0.11512618337135097,11.798888158294051,15.255807789818961,1.4074530751377028,1.0,2228
369-U1513D,8,5.473377200470434,29.95785797862957,-1.0343730502589532,13.329640429444332,29.94438165925097,1.0746626316350594,0.9642498854352702,2223
369-U1513D,10,5.7956693412915214,33.5897831135865,-1.1243394831241993,14.987008724839857,33.57465939313914,1.0026669202955067,0.9639834999813126,2221
369-U1513D,20,7.418363864703671,55.03212242914118,-0.8752271686856612,12.044398033872753,55.00723227878878,0.924546988856315,0.963313699641273,2211
369-U1513D,50,10.932683406200661,119.52356646021529,-1.024200396865675,9.831092378974647,119.46876427476815,0.8797269422156783,0.9732926547107986,2181
369-U1513D,100,14.962714356216642,223.8828209057316,-1.6994871418922775,7.6168658940678,223.77776092407709,0.8664108221351774,0.9820205073707376,2131
369-U1513D,250,22.63115045820496,512.1689710619106,-0.5762376099556304,1.9227604366660271,511.9104304404759,0.8645220290268459,0.9883113789248729,1981
369-U1513D,500,20.04274785994086,401.7117417771639,0.9593426334590097,1.256031887951142,401.47967260224937,0.7881978475112228,0.9696707258215846,1731
369-U1513D,1000,22.190879246666565,492.4351217401369,1.2564881801857528,0.4191720550086373,492.0350932090726,0.7252124008285942,0.9546840624354613,1231
375-U1520C,1,2.5205535073517797,6.353189983423358,0.041717898783174695,2.957030740242949,6.352126153888291,,,5972
375-U1520C,3,5.5256823833160515,30.53316580128936,0.08328919368220045,3.2152781488946793,30.528051368156817,1.4289448696940965,1.0,5970
375-U1520C,8,7.743819051946339,59.966733509287096,0.0027913259279913976,3.1007060889168567,59.956680410626696,1.0864995932370667,0.9630132697362628,5965
375-U1520C,10,8.129327055720253,66.08595837886533,0.005572754823322001,2.519672337059573,66.0748757093401,1.0078512927262127,0.9611348119195378,5963
375-U1520C,20,9.119395961677503,83.16338270585995,-0.09173943630699584,2.4020266700981603,83.1494127104449,0.8630009752542763,0.9276433523445501,5953
375-U1520C,50,10.521666218173744,110.70546000665857,0.0664695763140644,2.897138183209905,110.6867692317123,0.7078061479481508,0.8849703831940716,5923
375-U1520C,100,12.195396618458153,148.72769868150056,0.1596103868088884,2.432949934598944,148.70237470760623,0.6245388148394441,0.8800676598265195,5873
375-U1520C,250,16.45179588134789,270.66158772153545,0.5474107136582088,1.7205037969788233,270.6142940665081,0.5915130614716522,0.9064182099269839,5723
375-U1520C,500,21.092656259656504,444.9001480880267,0.5290291281073161,1.4471034230699216,444.81885809203044,0.5848936799849546,0.9313585677656236,5473
375-U1520C,1000,23.201223829214488,538.2967871733102,0.7169258772324789,1.1660059394617628,538.1885432989541,0.5660139616845175,0.9429282137872087,4973
392-U1579D,1,0.9293299307510291,0.8636541201897125,0.07083712240247637,3.406171448387312,0.863471914679124,,,4740
392-U1579D,3,2.0727768790405245,4.296403990284977,0.15508822231101477,4.197633341566735,4.295497193326284,1.4603525130301278,1.0,4738
392-U1579D,8,3.108427074867827,9.662318879771355,0.23821595707121412,3.3707453733093597,9.660277401030646,1.1672412473583629,0.976200210762968,4733
392-U1579D,10,3.3796009482987537,11.421702569741836,0.270917967429885,2.9038107845063257,11.419288343876321,1.108667704753076,0.9776987378733915,4731
392-U1579D,20,3.9701401484516894,15.762012798348001,0.3130148202112416,2.8569087894197143,15.758674096208974,0.9775223515458894,0.9558110806008362,4721
392-U1579D,50,4.612131880083821,21.27176047928552,0.06735911542395089,1.9110877623775782,21.267225889543614,0.8100795052772409,0.9131314008498181,4691
392-U1579D,100,5.324060742463274,28.34562278943859,0.15276989612630035,1.6884582091619258,28.339515135314603,0.7110439640442436,0.8996325462676803,4641
392-U1579D,250,6.772785787253829,45.87062732002747,-0.14266460185373556,0.6795342177173418,45.86041341948861,0.6484714747170223,0.9066563067545874,4491
392-U1579D,500,6.622971114419709,43.86374638243784,-0.39162749726805957,1.4135468483156446,43.853403598570246,0.5768549697477432,0.8884134126043031,4241
392-U1579D,1000,7.857554419826476,61.74116146053459,-0.0029535498405833154,-0.29261379528710263,61.72465754140587,0.5368712039708243,0.8920517248801173,3741
392-U1580A,1,0.8922408674846494,0.7960937656097596,0.16677497403321118,3.9704991175052573,0.7958523787796778,,,3298
392-U1580A,3,2.055411693433295,4.224717229502326,0.19417629722259921,4.746510172468526,4.223435458498229,1.519180577073607,1.0,3296
392-U1580A,8,3.144921350622048,9.890530301598407,0.19488463863264824,3.8957734794012975,9.887524974858328,1.217806991455152,0.9768697383770341,3291
392-U1580A,10,3.3724329191860853,11.373303794409981,0.2721451765125924,3.84608444539394,11.36984581210703,1.1474131731068926,0.9761843487595476,3289
392-U1580A,20,3.9949195551532717,15.959382252146014,0.09648637853124992,3.665449708830547,15.954515102938286,1.0089149720012154,0.9533674767567965,3279
392-U1580A,50,4.969685257051599,24.697771554156017,0.030169728429696965,2.0188527094965583,24.690169900861417,0.8595116412512196,0.9271579281988432,3249
392-U1580A,100,5.432477522442388,29.51181203184178,0.028707360704277582,1.089691416711295,29.502586707668026,0.7461614322829201,0.904377431050352,3199
392-U1580A,250,6.745298740614735,45.499055100138726,-0.33463807990160377,0.6886341956972739,45.484132484494204,0.6680725307339046,0.901434909590462,3049
392-U1580A,500,8.731707879282524,76.24272248912452,-0.2821381830817194,-0.17452742486319872,76.21548321706697,0.6387503294023358,0.9191515160192681,2799
392-U1580A,1000,9.24726760124651,85.51195808906337,-0.33254447604353055,-0.28662028967640385,85.47476280498807,0.6003232744579146,0.9226074435049406,2299
