depth,delta_GR
7.7504,0.1245
7.9028,-0.1944
8.0552,0.2865
8.2076,1.2677999999999998
8.36,1.5166
8.5124,2.1375
8.6648,1.4489
8.8172,1.5065
8.9696,1.1856
9.122,2.5223
9.2744,2.2822
9.4268,1.6076
9.5792,0.744
9.7316,0.4857
9.884,0.2944
10.0364,0.228
10.1888,-0.06779999999999997
10.3412,-0.5538000000000001
10.4936,-0.8956
10.646,-1.6784999999999999
10.7984,-2.3862
10.9508,-3.5279
11.1032,-2.4257999999999997
11.2556,-1.8042
11.408,-1.3716
11.5604,-1.0813000000000001
11.7128,-1.2566000000000002
11.8652,-2.1317
12.0176,-1.7172
12.17,-1.5941
12.3224,-1.3940000000000001
12.4748,-1.4914
12.6272,-0.3554999999999999
12.7796,-1.4579
12.932,-1.7690000000000001
13.0844,-2.4811
13.2368,-2.1612999999999998
13.3892,-2.3883
13.5416,-1.8450000000000002
13.694,-1.4431000000000003
13.8464,-2.3591
13.9988,-0.6398999999999999
14.1512,-1.0063
14.3036,-0.2199000000000001
14.456,1.4906000000000001
14.6084,1.0626000000000002
14.7608,0.9060999999999999
14.9132,-0.9569
15.0656,-0.8947999999999999
15.218,-0.3194
15.3704,0.031899999999999984
15.5228,0.11349999999999999
15.6752,-0.136
15.8276,-1.0522
15.98,-2.1551
16.1324,-2.3781999999999996
16.2848,-1.9281000000000001
16.4372,-1.3671
16.5896,-1.1460000000000001
16.742,-1.1291
16.8944,-1.6517
17.0468,-1.1364
17.1992,-0.9972000000000001
17.3516,-0.768
17.504,-0.2123
17.6564,-0.13020000000000004
17.8088,0.1488
17.9612,0.45550000000000007
18.1136,0.5367
18.266,0.6173000000000001
18.4184,0.1812
18.5708,0.5549
18.7232,0.1822
18.8756,0.4385
19.028,0.41910000000000003
19.1804,-0.9377
19.3328,-0.45960000000000006
19.4852,0.521
19.6376,0.30369999999999997
19.79,-0.2384
19.9424,-0.5777
20.0948,-0.09309999999999996
20.2472,-0.17930000000000001
20.3996,-0.20520000000000005
20.552,-0.2041
20.7044,0.1387
20.8568,0.5017
21.0092,0.24940000000000007
21.1616,-0.8432
21.314,-2.4588
21.4664,-1.8036
21.6188,-1.6385
21.7712,-0.2066
21.9236,-1.2268
22.076,-2.6865
22.2284,-2.6318
22.3808,-2.5537
22.5332,-0.7641
22.6856,-0.2808
22.838,-0.9995
22.9904,-0.7987
23.1428,-0.9969000000000001
23.2952,-0.6798
23.4476,0.14370000000000005
23.6,0.8153999999999999
23.7524,0.2619999999999998
23.9048,-0.37359999999999993
24.0572,-0.35560000000000014
24.2096,-0.04479999999999995
24.362,0.7814000000000001
24.5144,1.1408
24.6668,-0.15980000000000005
24.8192,-0.1351
24.9716,-0.43989999999999996
25.124,-0.8236
25.2764,-1.2029
25.4288,-1.6652
25.5812,-0.8259000000000001
25.7336,-1.4878
25.886,-1.2527
26.0384,-0.9111
26.1908,-1.0768
26.3432,-0.1379
26.4956,-1.0805
26.648,-0.8180000000000001
26.8004,-0.2947
26.9528,0.2303
27.1052,0.35200000000000004
27.2576,-0.2721
27.41,0.9276
27.5624,0.5607
27.7148,-0.3932
27.8672,-1.0741
28.0196,-0.22309999999999997
28.172,0.1487
28.3244,-0.00269999999999998
28.4768,-0.2615
28.6292,-0.5025000000000001
28.7816,0.24730000000000002
28.934,0.28930000000000006
29.0864,0.022499999999999992
29.2388,0.11929999999999999
29.3912,0.05399999999999999
29.5436,1.5673000000000001
29.696,0.847
29.8484,1.2339
30.0008,1.3681999999999999
30.1532,0.852
30.3056,0.9956
30.458,0.7889
30.6104,0.9147
30.7628,1.3575000000000002
30.9152,1.6002
31.0676,1.3429
31.22,1.0025
31.3724,1.496
31.5248,1.6562
31.6772,1.2208
31.8296,0.8102
31.982,-0.9327999999999999
32.1344,-0.8091999999999999
32.2868,0.3991
32.4392,0.5373
32.5916,0.6889000000000001
32.744,0.35209999999999997
32.8964,0.20190000000000008
33.0488,0.057600000000000096
33.2012,-0.9067
33.3536,0.04530000000000001
33.506,0.2638
33.6584,0.8386
33.8108,0.6161
33.9632,-0.3543
34.1156,-0.2619
34.268,-1.119
34.4204,-0.6376999999999999
34.5728,-0.6271
34.7252,-0.3351
34.8776,0.6764
35.03,-0.6535
35.1824,-0.1378
35.3348,0.42619999999999997
35.4872,1.1405
35.6396,0.8738999999999999
35.792,1.6363
35.9444,1.9531
36.0968,1.3487
36.2492,1.2299
36.4016,0.07830000000000004
36.554,-0.4948
36.7064,-0.2778
36.8588,-0.1992
37.0112,-0.45009999999999994
37.1636,-1.2158000000000002
37.316,-0.1958
37.4684,-0.20389999999999997
37.6208,-0.8913
37.7732,-0.7133
37.9256,-1.0681
38.078,-0.1603
38.2304,-0.3963
38.3828,0.2375
38.5352,0.058499999999999996
38.6876,0.01090000000000002
38.84,0.0595
38.9924,-0.4368
39.1448,-0.25229999999999997
39.2972,0.8457
39.4496,1.5258
39.602,2.9824
39.7544,2.8586
39.9068,2.7027
40.0592,2.6468
40.2116,2.1967
40.364,2.3052
40.5164,3.0987999999999998
40.6688,4.3518
40.8212,4.2624
40.9736,2.6296
41.126,1.9944
41.2784,1.4428999999999998
41.4308,2.0546
41.5832,2.3642
41.7356,2.2725
41.888,2.6109
42.0404,2.3974
42.1928,2.0300999999999996
42.3452,0.9748000000000001
42.4976,0.23250000000000004
42.65,0.19669999999999999
42.8024,-0.03609999999999999
42.9548,0.06059999999999999
43.1072,-0.7892
43.2596,-0.9162999999999999
43.412,-1.4186
43.5644,-1.5178000000000003
43.7168,-1.6284999999999998
43.8692,-1.0606
44.0216,-0.7836000000000001
44.174,-0.2273
44.3264,0.3512
44.4788,0.3222
44.6312,0.1406
44.7836,0.3088
44.936,-0.1705
45.0884,-0.9638
45.2408,-0.301
45.3932,1.0104
45.5456,1.1625999999999999
45.698,1.089
45.8504,1.0504
46.0028,0.5513
46.1552,0.41270000000000007
46.3076,0.48829999999999996
46.46,0.5828
46.6124,0.7547999999999999
46.7648,1.0974
46.9172,-0.15270000000000006
47.0696,-2.1198
47.222,-2.7967
47.3744,-2.5427
47.5268,-3.3062
47.6792,-3.0966
47.8316,-2.5482
47.984,-2.9612
48.1364,-2.8175
48.2888,-2.9539
48.4412,-2.2554000000000003
48.5936,-0.5464
48.746,0.8270000000000002
48.8984,1.5127000000000002
49.0508,0.8664999999999998
49.2032,0.34299999999999997
49.3556,0.5005000000000002
49.508,0.04949999999999988
49.6604,0.01749999999999985
49.8128,0.026900000000000368
49.9652,1.0479999999999998
50.1176,1.2973
50.27,1.4710999999999999
50.4224,1.4618
50.5748,1.1954000000000002
50.7272,1.7631999999999999
50.8796,2.0206
51.032,1.322
51.1844,1.4072
51.3368,3.0917
51.4892,3.4686
51.6416,4.0245
51.794,3.7655999999999996
51.9464,3.7734
52.0988,3.6141
52.2512,3.2954
52.4036,2.7404
52.556,2.8825
52.7084,3.5848
52.8608,3.3427000000000002
53.0132,2.0975
53.1656,2.2099
53.318,2.0354
53.4704,2.0566
53.6228,2.224
53.7752,2.0006000000000004
53.9276,1.6331000000000002
54.08,1.4034000000000002
54.2324,1.3605000000000003
54.3848,0.9330999999999999
54.5372,1.2429999999999999
54.6896,2.754
54.842,2.6118
54.9944,2.2277
55.1468,2.5488999999999997
55.2992,1.6591
55.4516,1.5438
55.604,2.2569
55.7564,1.6362999999999999
55.9088,0.6914999999999999
56.0612,0.3089000000000002
56.2136,0.27570000000000006
56.366,-0.29390000000000027
56.5184,-0.19779999999999998
56.6708,0.1312000000000002
56.8232,0.39810000000000034
56.9756,0.6856999999999998
57.128,1.5554999999999999
57.2804,1.6946000000000003
57.4328,1.6136999999999997
57.5852,1.4742000000000002
57.7376,0.9807999999999999
57.89,0.47319999999999984
58.0424,0.9877
58.1948,0.35109999999999997
58.3472,-0.22009999999999996
58.4996,-0.06000000000000005
58.652,0.7161999999999997
58.8044,0.25249999999999995
58.9568,-1.5337
59.1092,-2.0272
59.2616,-1.8523
59.414,-2.2248
59.5664,-2.2055000000000002
59.7188,-1.7255000000000003
59.8712,-1.0488
60.0236,0.037900000000000045
60.176,-0.16589999999999971
60.3284,-0.9284999999999997
60.4808,-0.8978999999999999
60.6332,-2.0146
60.7856,-1.8316
60.938,-2.1526
61.0904,-1.2778999999999998
61.2428,-1.1322
61.3952,-1.5019000000000002
61.5476,-1.2055000000000002
61.7,-1.4166000000000003
61.8524,-1.9268000000000003
62.0048,-1.2463
62.1572,-1.8675
62.3096,-1.3517
62.462,-1.2497
62.6144,-0.5658
62.7668,-0.8130000000000001
62.9192,-0.7989999999999999
63.0716,-0.9026
63.224,-0.8999000000000001
63.3764,-0.5862
63.5288,-0.2144999999999999
63.6812,-0.31100000000000005
63.8336,-0.4877
63.986,-0.5117999999999998
64.1384,-1.1031000000000002
64.2908,-1.1939000000000002
64.4432,-0.4293
64.5956,-0.5118
64.748,-0.7060999999999997
64.9004,-1.4052000000000002
65.0528,-1.3986999999999998
65.2052,-1.0158
65.3576,-0.3472999999999997
65.51,0.4427000000000003
65.6624,-0.12250000000000005
65.8148,0.5951
65.9672,1.1778000000000002
66.1196,0.27380000000000004
66.272,0.33150000000000013
66.4244,0.8691
66.5768,1.504
66.7292,1.2501000000000002
66.8816,0.4668000000000001
67.034,1.2234
67.1864,0.36240000000000006
67.3388,-0.8856999999999999
67.4912,-1.3167
67.6436,-2.1945
67.796,-1.7802000000000002
67.9484,-1.2254000000000003
68.1008,-1.1894
68.2532,-0.00039999999999995595
68.4056,-0.17070000000000007
68.558,0.7391
68.7104,-0.09740000000000015
68.8628,-0.10200000000000031
69.0152,0.6180999999999999
69.1676,1.0343
69.32,1.5983
69.4724,2.2071
69.6248,1.7055000000000002
69.7772,2.4806
69.9296,2.0816
70.082,3.0239
70.2344,3.7898
70.3868,4.4914
70.5392,4.5652
70.6916,5.2475000000000005
70.844,5.2541
70.9964,5.569800000000001
71.1488,4.9165
71.3012,4.0158
71.4536,3.7377
71.606,3.0375999999999994
71.7584,2.8143000000000002
71.9108,1.3521
72.0632,0.7157
72.2156,0.6858
72.368,0.2258
72.5204,0.2157
72.6728,-0.2867000000000002
72.8252,-0.15779999999999994
72.9776,0.36019999999999985
73.13,0.9525999999999999
73.2824,1.0
73.4348,1.3001999999999998
73.5872,1.0147
73.7396,1.0952000000000002
73.892,0.5556000000000001
74.0444,-0.052200000000000024
74.1968,0.48560000000000025
74.3492,1.0516999999999999
74.5016,1.4404999999999997
74.654,1.4998999999999998
74.8064,1.3914
74.9588,2.096
75.1112,2.0341
75.2636,1.9495
75.416,1.7889
75.5684,3.0443999999999996
75.7208,3.6176
75.8732,4.088
76.0256,4.0036000000000005
76.178,3.2075000000000005
76.3304,2.3456
76.4828,2.0913
76.6352,1.6077000000000004
76.7876,1.3642000000000003
76.94,1.2511999999999999
77.0924,1.3623999999999996
77.2448,0.2772999999999999
77.3972,0.6497000000000002
77.5496,-0.43510000000000026
77.702,-1.802
77.8544,-3.2663
78.0068,-3.6997999999999998
78.1592,-4.109299999999999
78.3116,-4.6043
78.464,-5.027200000000001
78.6164,-5.1028
78.7688,-4.8459
78.9212,-3.5858
79.0736,-3.6327999999999996
79.226,-3.0021999999999993
79.3784,-2.2487000000000004
79.5308,-0.9169
79.6832,-1.2823000000000002
79.8356,-1.4362
79.988,-0.5691999999999999
80.1404,0.14769999999999994
80.2928,0.2593000000000001
80.4452,-0.15010000000000012
80.5976,-0.6804999999999999
80.75,-1.0634000000000001
80.9024,-0.16849999999999987
81.0548,-1.0141999999999998
81.2072,-0.4065000000000003
81.3596,-0.12440000000000007
81.512,0.10069999999999979
81.6644,0.07720000000000038
81.8168,-0.6255000000000002
81.9692,-1.2104
82.1216,-1.3440999999999996
82.274,-0.8768999999999996
82.4264,-0.4554999999999998
82.5788,-0.6099000000000001
82.7312,-0.22009999999999996
82.8836,-0.3948999999999998
83.036,-0.6012999999999997
83.1884,-2.3028999999999997
83.3408,-3.0429000000000004
83.4932,-3.6955000000000005
83.6456,-3.5351999999999997
83.798,-2.8231
83.9504,-2.764
84.1028,-3.6537999999999995
84.2552,-3.6215
84.4076,-3.7960000000000003
84.56,-2.5721
84.7124,-2.0178
84.8648,-0.6845000000000001
85.0172,-0.05830000000000002
85.1696,1.2106000000000003
85.322,1.8888000000000003
85.4744,0.5356000000000001
85.6268,0.43210000000000015
85.7792,1.2577
85.9316,1.7815
86.084,2.8899999999999997
86.2364,0.823
86.3888,0.1964999999999999
86.5412,0.30269999999999997
86.6936,-0.42390000000000005
86.846,-0.26900000000000013
86.9984,-1.055
87.1508,0.04010000000000025
87.3032,0.6137000000000001
87.4556,1.0430000000000001
87.608,1.5042999999999997
87.7604,1.0219
87.9128,2.1397000000000004
88.0652,2.2809999999999997
88.2176,2.0204999999999997
88.37,2.3674000000000004
88.5224,1.2821999999999996
88.6748,1.7791000000000001
88.8272,2.4067000000000003
88.9796,2.4013999999999998
89.132,2.6802000000000006
89.2844,1.5176000000000003
89.4368,1.7995999999999999
89.5892,1.2837
89.7416,1.3848999999999996
89.894,0.5116999999999998
90.0464,0.02839999999999998
90.1988,0.40569999999999995
90.3512,1.1147999999999998
90.5036,0.5318
90.656,0.1198999999999999
90.8084,0.7172000000000001
90.9608,1.0436000000000003
91.1132,0.8008000000000002
91.2656,1.2086
91.418,0.621
91.5704,1.415
91.7228,3.0175
91.8752,3.4907
92.0276,3.8076
92.18,3.1258
92.3324,2.5372999999999997
92.4848,2.8758999999999997
92.6372,1.9524999999999997
92.7896,3.2118999999999995
92.942,2.2814999999999994
93.0944,2.9095
93.2468,3.4306
93.3992,3.2016999999999998
93.5516,3.1780999999999997
93.704,1.4716
93.8564,2.3295999999999997
94.0088,3.8045999999999998
94.1612,3.6374000000000004
94.3136,4.5353
94.466,2.2545
94.6184,3.5659
94.7708,4.660399999999999
94.9232,3.6819999999999995
95.0756,3.1717999999999997
95.228,2.0894999999999997
95.3804,2.4836000000000005
95.5328,1.9680999999999997
95.6852,3.654000000000001
95.8376,5.298500000000001
95.99,5.103999999999999
96.1424,5.9548
96.2948,4.7461
96.4472,0.7665999999999995
96.5996,0.9385000000000003
96.752,1.1332999999999993
96.9044,2.9156999999999993
97.0568,1.1463999999999999
97.2092,2.0569999999999995
97.3616,1.1105
97.514,0.7378999999999998
97.6664,1.7096
97.8188,1.0831000000000004
97.9712,0.9452000000000003
98.1236,2.4778000000000002
98.276,3.5403
98.4284,2.6033000000000004
98.5808,2.6471
98.7332,4.7179
98.8856,3.4915000000000003
99.038,3.0215
99.1904,2.4535
99.3428,1.6888999999999998
99.4952,2.4095999999999997
99.6476,2.1605
99.8,1.8845
99.9524,1.8331
100.1048,0.7214
100.2572,-0.7797000000000001
100.4096,-2.8436999999999997
100.562,-1.8308999999999997
100.7144,-0.3334999999999999
100.8668,-0.24300000000000033
101.0192,0.38649999999999984
101.1716,0.16699999999999982
101.324,2.4248000000000003
101.4764,3.6845000000000008
101.6288,2.1284
101.7812,2.3644999999999996
101.9336,3.4974000000000007
102.086,5.5473
102.2384,3.757999999999999
102.3908,1.5161000000000007
102.5432,3.1092000000000004
102.6956,3.9216000000000006
102.848,3.3728999999999996
103.0004,1.7155999999999993
103.1528,-0.09820000000000029
103.3052,-1.9157000000000002
103.4576,-3.881100000000001
103.61,-6.044
103.7624,-6.9338
103.9148,-5.5578
104.0672,-3.0241999999999996
104.2196,-3.6405000000000003
104.372,-4.8925
104.5244,-5.5283999999999995
104.6768,-3.8939
104.8292,-3.7135999999999996
104.9816,-2.9959
105.134,-2.1632
105.2864,-1.3639000000000001
105.4388,1.7832999999999997
105.5912,3.668399999999999
105.7436,3.456599999999999
105.896,3.073200000000001
106.0484,4.223199999999999
106.2008,3.791999999999999
106.3532,2.708
106.5056,4.3850999999999996
106.658,6.218500000000001
106.8104,6.594099999999999
106.9628,6.2436
107.1152,2.199300000000001
107.2676,-0.05379999999999985
107.42,-0.9332000000000003
107.5724,-1.0957999999999997
107.7248,-0.11010000000000009
107.8772,1.5963000000000003
108.0296,1.6419000000000001
108.182,1.3032000000000004
108.3344,-0.31479999999999997
108.4868,-0.8479999999999999
108.6392,-0.1476999999999995
108.7916,0.08919999999999995
108.944,-2.1302000000000003
109.0964,-2.9014000000000006
109.2488,-2.0998
109.4012,-1.5008
109.5536,-2.2913000000000006
109.706,-2.8004000000000007
109.8584,-3.299499999999999
110.0108,-3.3832000000000004
110.1632,-4.9385
110.3156,-5.675700000000001
110.468,-5.381699999999999
110.6204,-1.3267999999999995
110.7728,1.7275999999999998
110.9252,1.0367999999999995
111.0776,1.4682000000000004
111.23,4.0147
111.3824,5.025500000000001
111.5348,5.2837
111.6872,5.867800000000001
111.8396,6.205800000000001
111.992,5.0885
112.1444,7.6876
112.2968,7.2971
112.4492,5.879
112.6016,8.1587
112.754,7.6783
112.9064,6.9018999999999995
113.0588,1.0787000000000004
113.2112,-1.6363999999999992
113.3636,-3.8918999999999997
113.516,-3.8215000000000003
113.6684,-3.2942
113.8208,-3.896299999999999
113.9732,-4.2944
114.1256,-4.4694
114.278,-5.0909
114.4304,-4.712299999999999
114.5828,-5.0108
114.7352,-0.26640000000000086
114.8876,1.3265000000000002
115.04,2.1763000000000003
115.1924,2.4876000000000005
115.3448,1.1284
115.4972,0.5430000000000001
115.6496,1.3376000000000001
115.802,1.6548999999999996
115.9544,2.0846
116.1068,2.0843
116.2592,0.1520999999999999
116.4116,-1.8837999999999995
116.564,-1.7662
116.7164,-1.8516999999999997
116.8688,-0.6255999999999995
117.0212,-0.8505000000000003
117.1736,-1.0781999999999998
117.326,-1.0909999999999993
117.4784,0.16190000000000015
117.6308,0.2496999999999998
117.7832,0.6421000000000001
117.9356,1.1069999999999998
118.088,2.5293999999999994
118.2404,-0.3191000000000006
118.3928,-0.16849999999999987
118.5452,-0.3586999999999998
118.6976,-1.1205999999999996
118.85,-1.1123000000000003
119.0024,-1.327700000000001
119.1548,-2.6479
119.3072,-2.009100000000001
119.4596,-2.2581000000000007
119.612,0.2248000000000001
119.7644,-1.6355000000000004
119.9168,0.0024999999999995026
120.0692,0.9472000000000005
120.2216,-1.8224
120.374,-1.0835000000000008
120.5264,-1.5627999999999993
120.6788,1.0077999999999987
120.8312,1.7453999999999992
120.9836,3.339500000000001
121.136,2.5737999999999994
121.2884,1.1434000000000006
121.4408,2.5107999999999997
121.5932,1.5089999999999995
121.7456,-1.3800999999999997
121.898,-3.1671000000000005
122.0504,-3.5821
122.2028,-2.8219
122.3552,-4.0851999999999995
122.5076,-2.8472999999999997
122.66,-2.5144
122.8124,-2.1198000000000006
122.9648,-1.3563999999999998
123.1172,-2.0465999999999998
123.2696,-2.7075000000000005
123.422,-2.6139
123.5744,-1.5263999999999998
123.7268,-1.4715999999999996
123.8792,-1.4656000000000002
124.0316,-0.3094000000000001
124.184,0.3439000000000001
124.3364,0.1459999999999999
124.4888,-0.9893000000000005
124.6412,-1.7158999999999995
124.7936,-2.1430000000000002
124.946,-2.2483000000000004
125.0984,-2.8405000000000005
125.2508,-3.5671
125.4032,-3.4053999999999998
125.5556,-3.3229999999999995
125.708,-4.1312999999999995
125.8604,-4.2866
126.0128,-5.9197
126.1652,-3.8703
126.3176,-2.0839000000000008
126.47,-3.0887
126.6224,-3.6468
126.7748,-2.9993
126.9272,-3.6149
127.0796,-2.8013000000000003
127.232,-3.24
127.3844,-3.4166999999999996
127.5368,-4.807300000000001
127.6892,-4.6371
127.8416,-4.3923000000000005
127.994,-6.006799999999999
128.1464,-5.466100000000001
128.2988,-3.799599999999999
128.4512,-4.0436
128.6036,-3.860900000000001
128.756,-3.6605999999999996
128.9084,-2.8461000000000007
129.0608,-3.0592999999999995
129.2132,-1.9293999999999993
129.3656,0.025299999999999656
129.518,0.8548
129.6704,1.8530000000000002
129.8228,2.1329
129.9752,1.3838
130.1276,1.8308
130.28,1.6673
130.4324,1.4407000000000005
130.5848,1.2150999999999996
130.7372,2.117
130.8896,3.3743
131.042,3.3965000000000005
131.1944,2.9994999999999994
131.3468,2.6544999999999996
131.4992,2.9613000000000005
131.6516,2.7399999999999998
131.804,2.4078999999999997
131.9564,3.1199
132.1088,3.1097000000000006
132.2612,3.7656
132.4136,4.834100000000001
132.566,4.4237
132.7184,4.5924000000000005
132.8708,5.6179
133.0232,6.003399999999999
133.1756,5.2478
133.328,5.0677
133.4804,4.2354
133.6328,5.2077
133.7852,3.6252
133.9376,4.495300000000001
134.09,4.456100000000001
134.2424,4.310700000000001
134.3948,6.0351
134.5472,6.462399999999999
134.6996,5.9026000000000005
134.852,5.216399999999999
135.0044,4.061000000000001
135.1568,3.355600000000001
135.3092,2.3352000000000004
135.4616,3.0867000000000004
135.614,3.9207
135.7664,3.0018
135.9188,2.3094
136.0712,1.5941999999999998
136.2236,0.6873000000000005
136.376,2.5313999999999997
136.5284,2.7528000000000006
136.6808,4.1098
136.8332,3.940999999999999
136.9856,3.732
137.138,3.2756
137.2904,2.8988000000000005
137.4428,1.7358000000000002
137.5952,2.0047999999999995
137.7476,0.4372999999999996
137.9,-0.2054999999999998
138.0524,-2.3738
138.2048,-1.8171999999999997
138.3572,-1.4457000000000004
138.5096,-1.9634999999999998
138.662,-2.0248
138.8144,-1.3363999999999994
138.9668,-1.9783999999999997
139.1192,-2.1234
139.2716,-1.5404999999999998
139.424,-1.5977999999999994
139.5764,-1.6242999999999999
139.7288,-1.2766000000000002
139.8812,-2.3159
140.0336,-3.558600000000001
140.186,-3.8205
140.3384,-4.1227
140.4908,-4.8027999999999995
140.6432,-4.3016
140.7956,-3.6656
140.948,-4.3870000000000005
141.1004,-3.0109
141.2528,-3.8461
141.4052,-3.2441
141.5576,-5.365400000000001
141.71,-5.347800000000001
141.8624,-5.2899
142.0148,-6.594799999999999
142.1672,-7.898999999999999
142.3196,-7.4164
142.472,-5.863299999999999
142.6244,-4.7311000000000005
142.7768,-3.2747
142.9292,-1.0879000000000003
143.0816,-1.1098000000000008
143.234,-1.0229
143.3864,0.4944000000000006
143.5388,2.0820999999999996
143.6912,3.1268000000000002
143.8436,5.740399999999999
143.996,4.9619
144.1484,2.6509
144.3008,-0.6114999999999995
144.4532,-2.2036999999999995
144.6056,-2.0373
144.758,-0.5030999999999999
144.9104,-1.3618000000000006
145.0628,-1.8929999999999998
145.2152,-2.8291999999999993
145.3676,-2.0095
145.52,-0.8456000000000001
145.6724,1.5688999999999993
145.8248,2.6536
145.9772,2.628
146.1296,2.7847999999999997
146.282,2.8028000000000004
146.4344,2.7606
146.5868,4.7151
146.7392,5.2414000000000005
146.8916,4.857399999999999
147.044,4.778699999999999
147.1964,3.9815000000000005
147.3488,3.4971999999999994
147.5012,3.557499999999999
147.6536,4.0706999999999995
147.806,4.1814
147.9584,4.25
148.1108,3.891
148.2632,2.1592000000000002
148.4156,1.1575000000000002
148.568,1.3796
148.7204,2.0723
148.8728,3.5122
149.0252,3.6003000000000003
149.1776,3.4122999999999997
149.33,3.6096
149.4824,3.8911
149.6348,2.5311
149.7872,2.3356000000000003
149.9396,2.2100999999999997
150.092,1.1785
150.2444,1.4825999999999997
150.3968,1.7352999999999996
150.5492,0.24340000000000028
150.7016,0.002700000000000813
150.854,0.7222
151.0064,-0.6876000000000007
151.1588,-2.4741
151.3112,-2.0279999999999996
151.4636,-3.2013
151.616,-4.3944
151.7684,-2.0171
151.9208,1.4252000000000002
152.0732,2.5077
152.2256,1.8933
152.378,0.20530000000000026
152.5304,-0.24300000000000033
152.6828,1.6715999999999998
152.8352,3.9553000000000003
152.9876,4.263800000000001
153.14,2.2897999999999996
153.2924,0.7609000000000004
153.4448,-1.5029000000000003
153.5972,-3.4359
153.7496,-3.5333999999999994
153.902,-2.633700000000001
154.0544,-2.4780000000000006
154.2068,-2.8530999999999995
154.3592,-1.4498000000000015
154.5116,-0.5747
154.664,-0.4103999999999992
154.8164,1.2297999999999991
154.9688,1.2379999999999995
155.1212,1.2886000000000006
155.2736,2.974400000000001
155.426,3.0984
155.5784,1.8823999999999996
155.7308,1.2675
155.8832,2.6646
156.0356,2.6719999999999997
156.188,2.8681
156.3404,2.1261
156.4928,0.7446000000000002
156.6452,1.6836000000000002
156.7976,2.5702
156.95,3.2734000000000005
157.1024,3.6559
157.2548,5.740200000000001
157.4072,6.2802
157.5596,5.0558
157.712,5.143599999999999
157.8644,5.7335
158.0168,5.965700000000001
158.1692,6.587299999999999
158.3216,7.4478
158.474,8.809099999999999
158.6264,10.354999999999999
158.7788,9.946299999999999
158.9312,10.223099999999999
159.0836,11.5195
159.236,14.823400000000003
159.3884,12.731299999999997
159.5408,10.0335
159.6932,9.187800000000001
159.8456,10.9851
159.998,10.726100000000002
160.1504,10.2136
160.3028,9.092799999999999
160.4552,8.272599999999999
160.6076,11.833999999999998
160.76,13.536299999999999
160.9124,14.9344
161.0648,17.4571
161.2172,16.5721
161.3696,17.6952
161.522,17.025100000000002
161.6744,19.1287
161.8268,21.230400000000003
161.9792,18.3595
162.1316,14.130500000000001
162.284,9.284699999999999
162.4364,5.216200000000001
162.5888,4.5166
162.7412,2.5816999999999997
162.8936,2.3702000000000005
163.046,0.06590000000000096
163.1984,2.2390000000000008
163.3508,3.3146000000000004
163.5032,1.4802
163.6556,1.6637000000000004
163.808,4.4732
163.9604,6.1663
164.1128,8.3957
164.2652,6.043299999999999
164.4176,5.955300000000001
164.57,4.142299999999999
164.7224,6.391200000000001
164.8748,2.1789999999999985
165.0272,1.0807000000000002
165.1796,2.799200000000001
165.332,4.356300000000001
165.4844,0.9749999999999996
165.6368,0.21479999999999855
165.7892,-0.8647999999999989
165.9416,0.14090000000000025
166.094,-2.826599999999999
166.2464,-3.902899999999999
166.3988,-5.815599999999998
166.5512,-6.3652999999999995
166.7036,-7.6042000000000005
166.856,-11.333400000000001
167.0084,-11.088799999999999
167.1608,-9.0654
167.3132,-8.7621
167.4656,-7.281199999999998
167.618,-6.455300000000001
167.7704,-2.8491
167.9228,-3.2430999999999983
168.0752,-3.344899999999999
168.2276,-6.808299999999999
168.38,-8.312299999999999
168.5324,-8.9995
168.6848,-8.582300000000002
168.8372,-6.615099999999998
168.9896,-8.2175
169.142,-10.488000000000001
169.2944,-14.470099999999999
169.4468,-18.4784
169.5992,-16.9063
169.7516,-14.325600000000001
169.904,-9.586099999999998
170.0564,-5.549100000000001
170.2088,-2.9847
170.3612,-2.4827999999999992
170.5136,-4.5388
170.666,-0.2978000000000005
170.8184,-1.2361000000000004
170.9708,-2.1331000000000007
171.1232,-0.46119999999999983
171.2756,0.44539999999999935
171.428,-1.7551000000000005
171.5804,-2.9179999999999993
171.7328,-4.396699999999999
171.8852,-2.434899999999999
172.0376,-4.637400000000001
172.19,-4.460799999999999
172.3424,-8.0425
172.4948,-4.945099999999998
172.6472,-2.243500000000001
172.7996,-3.6837
172.952,-3.838000000000001
173.1044,-3.4672
173.2568,-3.085799999999999
173.4092,-3.517800000000001
173.5616,-4.7865
173.714,-3.2118
173.8664,-3.2843999999999998
174.0188,-0.8817000000000004
174.1712,-2.4324000000000012
174.3236,-3.8952
174.476,-3.205700000000001
174.6284,-4.559099999999999
174.7808,-4.286200000000001
174.9332,-3.5812
175.0856,-6.1218
175.238,-6.5948
175.3904,-8.741999999999999
175.5428,-9.101500000000001
175.6952,-10.501000000000001
175.8476,-9.6244
176.0,-8.232
176.1524,-8.5944
176.3048,-10.5262
176.4572,-10.1262
176.6096,-10.0152
176.762,-6.9714
176.9144,-5.2987
177.0668,-2.8766999999999987
177.2192,-2.4992
177.3716,0.4530000000000012
177.524,0.9736999999999991
177.6764,0.22240000000000038
177.8288,-1.2773000000000003
177.9812,-0.06680000000000064
178.1336,-0.26340000000000074
178.286,-1.632200000000001
178.4384,-1.3434000000000008
178.5908,-1.6435000000000004
178.7432,-1.9613000000000005
178.8956,-0.9550999999999998
179.048,-3.5618999999999996
179.2004,-6.072900000000001
179.3528,-6.972800000000001
179.5052,-9.73
179.6576,-6.749499999999999
179.81,-5.9581
179.9624,-4.885700000000001
180.1148,-4.796600000000001
180.2672,-5.316199999999999
180.4196,-4.6862
180.572,-7.760199999999999
180.7244,-5.0596
180.8768,-5.4848
181.0292,-5.041799999999999
181.1816,-4.567100000000001
181.334,-5.1758999999999995
181.4864,-5.459899999999999
181.6388,-6.1085
181.7912,-4.840999999999999
181.9436,-3.5132000000000003
182.096,-4.0685
182.2484,-1.3165000000000004
182.4008,-1.5823999999999998
182.5532,-0.10220000000000073
182.7056,2.1118000000000006
182.858,6.8349
183.0104,11.676599999999999
183.1628,13.969900000000003
183.3152,14.7665
183.4676,11.0474
183.62,11.2039
183.7724,14.856099999999998
183.9248,17.521300000000004
184.0772,16.081
184.2296,11.1437
184.382,8.118099999999998
184.5344,7.1714
184.6868,6.3511999999999995
184.8392,7.054600000000001
184.9916,7.895000000000001
185.144,10.265600000000001
185.2964,11.213300000000002
185.4488,11.186100000000001
185.6012,10.255700000000001
185.7536,12.9004
185.906,13.7518
186.0584,13.183
186.2108,14.9664
186.3632,14.7665
186.5156,12.9583
186.668,13.3916
186.8204,15.1948
186.9728,14.716500000000002
187.1252,15.9103
187.2776,14.020399999999999
187.43,12.9139
187.5824,12.357299999999999
187.7348,12.7194
187.8872,11.240099999999998
188.0396,11.9009
188.192,14.020199999999999
188.3444,14.5524
188.4968,11.8835
188.6492,12.182100000000002
188.8016,9.8642
188.954,13.803099999999997
189.1064,14.5149
189.2588,16.827199999999998
189.4112,15.081399999999999
189.5636,13.1409
189.716,11.819099999999999
189.8684,11.229
190.0208,8.5434
190.1732,7.776200000000001
190.3256,4.0329
190.478,1.2980999999999998
190.6304,-5.0920999999999985
190.7828,-6.197100000000001
190.9352,-6.4605999999999995
191.0876,-2.9902999999999995
191.24,-3.6165000000000003
191.3924,-5.3458999999999985
191.5448,-8.007400000000002
191.6972,-5.938599999999999
191.8496,-0.5373000000000001
192.002,1.9230999999999998
192.1544,2.558399999999999
192.3068,0.7471999999999994
192.4592,-1.3836000000000013
192.6116,-5.330200000000001
192.764,-7.6164000000000005
192.9164,-9.326900000000002
193.0688,-10.3824
193.2212,-9.8489
193.3736,-12.1954
193.526,-11.456999999999999
193.6784,-10.4367
193.8308,-10.809
193.9832,-10.161700000000002
194.1356,-9.5633
194.288,-7.199900000000001
194.4404,-8.0951
194.5928,-7.136700000000001
194.7452,-8.4424
194.8976,-6.902499999999998
195.05,-4.2021
195.2024,-3.699399999999999
195.3548,-3.550699999999999
195.5072,-2.5482999999999993
195.6596,-2.205
195.812,-2.2197999999999993
195.9644,-1.9332999999999991
196.1168,-0.44209999999999994
196.2692,-0.053000000000000824
196.4216,1.8732000000000006
196.574,-1.9664999999999981
196.7264,-4.915100000000001
196.8788,-6.6541999999999994
197.0312,-6.294599999999999
197.1836,-4.968999999999999
197.336,-1.9994999999999994
197.4884,-1.1005000000000003
197.6408,-0.2566000000000006
197.7932,-1.6313000000000013
197.9456,-0.34890000000000043
198.098,-3.3156999999999996
198.2504,-3.0123000000000015
198.4028,-3.3169000000000004
198.5552,-2.5081000000000007
198.7076,-2.5760000000000005
198.86,-1.4356999999999989
199.0124,-3.3683000000000014
199.1648,-4.444199999999999
199.3172,-5.6615
199.4696,-5.6949000000000005
199.622,-6.1396
199.7744,-7.009699999999999
199.9268,-4.909799999999999
200.0792,-3.917
200.2316,-1.3879000000000001
200.384,-3.1308000000000007
200.5364,-2.6784
200.6888,-1.5568000000000008
200.8412,-1.2408000000000001
200.9936,-0.8225999999999996
201.146,-2.0025999999999993
201.2984,-3.1372
201.4508,-2.426499999999999
201.6032,-2.810599999999999
201.7556,-1.4147999999999996
201.908,-1.0974999999999984
202.0604,1.2056000000000004
202.2128,1.1799
202.3652,3.744300000000001
202.5176,2.6507999999999985
202.67,2.8881999999999994
202.8224,4.2280999999999995
202.9748,6.076599999999999
203.1272,4.236899999999999
203.2796,3.74
203.432,1.0143000000000004
203.5844,0.7210999999999999
203.7368,1.1493999999999982
203.8892,0.5884999999999998
204.0416,-2.3049000000000017
204.194,-3.394
204.3464,0.47250000000000014
204.4988,-0.4098999999999986
204.6512,2.1237000000000013
204.8036,1.4494999999999987
204.956,1.4564000000000004
205.1084,0.8402000000000012
205.2608,1.3424000000000014
205.4132,2.167300000000001
205.5656,0.5970999999999993
205.718,1.5208999999999993
205.8704,2.8575000000000017
206.0228,3.8628
206.1752,3.928000000000001
206.3276,1.468
206.48,1.3758999999999997
206.6324,2.3900000000000006
206.7848,3.334199999999999
206.9372,2.9627999999999997
207.0896,0.30380000000000074
207.242,-0.5632999999999999
207.3944,-1.325400000000001
207.5468,-2.0849
207.6992,-2.4979999999999993
207.8516,-2.9667000000000003
208.004,-2.6601
208.1564,-2.7302
208.3088,-3.183299999999999
208.4612,-3.4229000000000003
208.6136,-2.7518000000000002
208.766,-3.7002000000000006
208.9184,-3.0909999999999993
209.0708,-4.572000000000001
209.2232,-4.5924000000000005
209.3756,-5.1864
209.528,-6.728800000000001
209.6804,-7.079400000000001
209.8328,-8.1012
209.9852,-8.6477
210.1376,-6.900499999999999
210.29,-9.1854
210.4424,-9.1216
210.5948,-11.8395
210.7472,-8.726599999999998
210.8996,-9.4771
211.052,-7.197000000000001
211.2044,-8.021300000000002
211.3568,-7.351799999999999
211.5092,-5.9495000000000005
211.6616,-3.4506999999999994
211.814,-2.5402000000000005
211.9664,-3.2356
212.1188,-2.3394000000000013
212.2712,-3.1433
212.4236,-0.33089999999999975
212.576,-0.1097999999999999
212.7284,1.9115999999999982
212.8808,-0.2629999999999999
213.0332,-2.879900000000001
213.1856,-3.0035999999999987
213.338,-2.0955999999999992
213.4904,-2.1060000000000016
213.6428,-3.2142999999999997
213.7952,-4.0372
213.9476,-2.413599999999999
214.1,-4.0526
214.2524,-3.7109000000000005
214.4048,-4.3298000000000005
214.5572,-1.641
214.7096,1.8393999999999995
214.862,3.789300000000001
215.0144,5.063300000000001
215.1668,4.9586
215.3192,5.6023
215.4716,3.7780999999999993
215.624,4.1685
215.7764,3.9772999999999996
215.9288,4.4338999999999995
216.0812,6.199400000000001
216.2336,4.4499
216.386,3.1159999999999997
216.5384,0.6253000000000002
216.6908,0.8615000000000004
216.8432,1.7658999999999994
216.9956,3.7150000000000007
217.148,10.695599999999999
217.3004,18.5687
217.4528,22.238599999999998
217.6052,15.3063
217.7576,6.3018
217.91,2.4041999999999994
218.0624,0.30679999999999996
218.2148,0.2543999999999995
218.3672,-0.8103000000000007
218.5196,-0.34470000000000134
218.672,-0.6559999999999997
218.8244,-0.9994999999999994
218.9768,-0.07089999999999996
219.1292,0.27449999999999974
219.2816,1.5963999999999992
219.434,0.8998000000000008
219.5864,-1.2018000000000004
219.7388,-2.3987999999999996
219.8912,-3.1140000000000008
220.0436,-5.8321
220.196,-8.1236
220.3484,-10.358699999999999
220.5008,-8.1896
220.6532,-4.833899999999999
220.8056,-1.8067000000000002
220.958,-2.752300000000001
221.1104,-3.445999999999999
221.2628,-2.909600000000001
221.4152,-2.3174
221.5676,-1.6813000000000002
221.72,-0.7717999999999998
221.8724,-0.9192999999999998
222.0248,-0.4947999999999997
222.1772,-1.7881999999999998
222.3296,-4.1478
222.482,-6.468800000000001
222.6344,-6.174500000000001
222.7868,-5.6568
222.9392,-6.470599999999999
223.0916,-4.705299999999999
223.244,-4.222799999999999
223.3964,-4.015899999999999
223.5488,-3.9548999999999994
223.7012,-4.539600000000001
223.8536,-3.062500000000001
224.006,-0.7041000000000004
224.1584,2.6710000000000003
224.3108,1.7034000000000002
224.4632,0.13590000000000035
224.6156,-2.624500000000001
224.768,-9.3431
224.9204,-17.6791
225.0728,-20.263199999999998
225.2252,-13.083499999999999
225.3776,-5.0232
225.53,-0.07070000000000043
225.6824,0.9017
225.8348,1.0142999999999995
225.9872,0.7579000000000002
226.1396,1.2324000000000002
226.292,0.9612000000000007
226.4444,0.16820000000000057
226.5968,-1.2467999999999995
226.7492,-2.7863999999999995
226.9016,-3.9357999999999995
227.054,-2.3892000000000007
227.2064,-0.3735999999999997
227.3588,0.7370999999999999
227.5112,0.7763000000000009
227.6636,1.477100000000001
227.816,2.2799000000000005
227.9684,2.5937
228.1208,3.263
228.2732,2.7053000000000003
228.4256,1.5755999999999988
228.578,3.1443000000000003
228.7304,3.8533
228.8828,3.3184000000000005
229.0352,2.9970000000000008
229.1876,2.3804
229.34,3.258
229.4924,3.841800000000001
229.6448,5.4566
229.7972,5.1404
229.9496,6.099500000000001
230.102,7.7006000000000006
230.2544,7.503700000000001
230.4068,7.0059
230.5592,6.3088
230.7116,4.868500000000001
230.864,4.8148
231.0164,4.4373
231.1688,3.076999999999999
231.3212,0.7273000000000005
231.4736,0.2961999999999998
231.626,1.1776
231.7784,0.21039999999999992
231.9308,1.2069
232.0832,1.0891000000000002
232.2356,0.3481000000000005
232.388,-0.07600000000000051
232.5404,-1.013
232.6928,-2.0855000000000006
232.8452,-3.5194
232.9976,-3.6266
233.15,-3.6548999999999996
233.3024,-4.1634
233.4548,-3.0343999999999998
233.6072,-2.9422000000000006
233.7596,-3.2201999999999993
233.912,-2.9717000000000002
234.0644,-2.607
234.2168,-2.8661000000000003
234.3692,-2.6083
234.5216,-3.2287
234.674,-4.194
234.8264,-5.3064
234.9788,-5.433299999999999
235.1312,-6.2614
235.2836,-5.456300000000001
235.436,-5.2212
235.5884,-5.1082
235.7408,-5.134
235.8932,-4.526800000000001
236.0456,-4.101999999999999
236.198,-5.4781
236.3504,-5.1132
236.5028,-5.7216000000000005
236.6552,-4.750900000000001
236.8076,-4.0585
236.96,-5.5396
237.1124,-6.7738000000000005
237.2648,-8.0236
237.4172,-7.442099999999999
237.5696,-7.944700000000001
237.722,-8.0766
237.8744,-8.283000000000001
238.0268,-8.448699999999999
238.1792,-6.3385
238.3316,-5.514400000000001
238.484,-4.6911000000000005
238.6364,-3.2763999999999998
238.7888,-2.210799999999999
238.9412,-0.43620000000000037
239.0936,-0.16419999999999924
239.246,-1.8362999999999987
239.3984,-2.3634000000000004
239.5508,-2.5506
239.7032,-1.1795
239.8556,-0.5776000000000003
240.008,-0.34719999999999995
240.1604,-0.49960000000000004
240.3128,-0.6941999999999995
240.4652,1.3111000000000006
240.6176,1.4589999999999996
240.77,1.1692
240.9224,0.3459000000000003
241.0748,-0.10849999999999937
241.2272,-0.16559999999999953
241.3796,-0.6638999999999999
241.532,-0.15230000000000032
241.6844,-0.01639999999999997
241.8368,0.641
241.9892,0.2990000000000004
242.1416,0.04469999999999974
242.294,-0.02039999999999953
242.4464,0.3955999999999995
242.5988,1.3027000000000002
242.7512,2.1489999999999996
242.9036,1.4730999999999996
243.056,1.8473000000000002
243.2084,1.4759000000000002
243.3608,1.556
243.5132,1.6927000000000003
243.6656,1.3390000000000004
243.818,1.9922000000000004
243.9704,1.7226
244.1228,3.1705
244.2752,1.5922999999999998
244.4276,-0.39339999999999975
244.58,-0.08999999999999986
244.7324,1.1459000000000001
244.8848,2.0583
245.0372,2.0774
245.1896,0.9780000000000006
245.342,0.39149999999999974
245.4944,0.9742999999999995
245.6468,1.5145
245.7992,-0.5043000000000006
245.9516,-0.6514999999999995
246.104,-1.2771999999999997
246.2564,-1.9671000000000003
246.4088,-2.2026000000000003
246.5612,-2.4151999999999996
246.7136,-2.5594
246.866,-1.1677
247.0184,0.16500000000000004
247.1708,0.7565
247.3232,0.9399999999999995
247.4756,1.4838000000000005
247.628,2.3704
247.7804,2.4133000000000004
247.9328,2.2901
248.0852,1.1495999999999995
248.2376,0.6890000000000001
248.39,0.20260000000000034
248.5424,0.6127000000000002
248.6948,-0.09419999999999984
248.8472,-0.3594999999999997
248.9996,-0.3433999999999999
249.152,-0.035800000000000054
249.3044,0.5592999999999995
249.4568,0.32509999999999994
249.6092,0.48609999999999953
249.7616,0.8160000000000007
249.914,1.3187999999999995
250.0664,1.8826
250.2188,1.9052999999999995
250.3712,1.2517000000000005
250.5236,0.6391
250.676,0.7874999999999996
250.8284,0.8680999999999992
250.9808,0.3581000000000003
251.1332,0.05119999999999969
251.2856,0.6116000000000001
251.438,1.0686
251.5904,0.9951999999999996
251.7428,0.18729999999999958
251.8952,0.6371000000000002
252.0476,2.6372
252.2,2.3095999999999997
252.3524,0.4874999999999998
252.5048,-0.8508999999999993
252.6572,-1.6699000000000002
252.8096,-0.030600000000000627
252.962,-0.0011999999999998678
253.1144,-0.6542000000000003
253.2668,-1.1857000000000006
253.4192,-0.2370000000000001
253.5716,0.036099999999999355
253.724,-0.030100000000000016
253.8764,-0.16439999999999966
254.0288,-0.1661999999999999
254.1812,-0.5132000000000003
254.3336,-0.7517000000000005
254.486,-0.8600000000000003
254.6384,0.08669999999999956
254.7908,0.1238999999999999
254.9432,-0.30790000000000006
255.0956,-1.3073000000000006
255.248,-1.3296999999999999
255.4004,-1.2777000000000003
255.5528,-0.9325000000000001
255.7052,-0.7866999999999997
255.8576,-0.6006999999999998
256.01,0.7450999999999999
256.1624,1.6200999999999999
256.3148,0.9276
256.4672,0.9811999999999994
256.6196,0.3876999999999997
256.772,0.06280000000000019
256.9244,0.2206999999999999
257.0768,-0.027599999999999625
257.2292,0.6026000000000007
257.3816,0.5783999999999994
257.534,0.7743000000000002
257.6864,-0.23199999999999932
257.8388,-1.1536
257.9912,-0.32430000000000003
258.1436,0.5238000000000005
258.296,0.40090000000000003
258.4484,-0.3708999999999998
258.6008,-0.7357000000000005
258.7532,-0.7584
258.9056,-1.7218
259.058,-2.4052
259.2104,-2.2706999999999997
259.3628,-2.2321
259.5152,-1.7985000000000007
259.6676,-1.9264999999999999
259.82,-1.6582
259.9724,-1.2436999999999996
260.1248,-1.3969000000000005
260.2772,-1.5227000000000004
260.4296,-2.497
260.582,-2.4596
260.7344,-2.0701999999999994
260.8868,-1.4059
261.0392,-0.6678999999999995
261.1916,-0.8239999999999998
261.344,-1.1131000000000002
261.4964,-2.3391
261.6488,-2.211
261.8012,-1.3386999999999998
261.9536,-0.8420999999999998
262.106,-1.7405
262.2584,-3.5070999999999994
262.4108,-3.6194
262.5632,-3.5683999999999996
262.7156,-2.2863999999999995
262.868,-3.1993
263.0204,-3.0008999999999997
263.1728,-1.7197999999999993
263.3252,-1.0861999999999998
263.4776,-1.2763
263.63,-2.4878
263.7824,-3.1481000000000003
263.9348,-2.0468000000000006
264.0872,-2.0276999999999994
264.2396,-1.8545000000000003
264.392,-2.7378
264.5444,-3.1666
264.6968,-1.9645000000000001
264.8492,-1.6577000000000002
265.0016,-1.2074999999999996
265.154,-0.9454000000000002
265.3064,0.07810000000000006
265.4588,0.4333
265.6112,1.1371000000000002
265.7636,1.3488999999999995
265.916,0.9107000000000003
266.0684,1.3609
266.2208,1.8308
266.3732,2.0645
266.5256,2.2280999999999995
266.678,2.5042999999999997
266.8304,1.8807999999999998
266.9828,1.4690000000000003
267.1352,0.7347000000000001
267.2876,-0.6905000000000001
267.44,-0.8363000000000005
267.5924,0.7368999999999994
267.7448,1.8399
267.8972,2.2120000000000006
268.0496,2.5033000000000003
268.202,1.1974999999999998
268.3544,0.8172999999999999
268.5068,0.3651
268.6592,0.22009999999999952
268.8116,0.3048000000000002
268.964,0.6043000000000003
269.1164,2.3423
269.2688,2.1671
269.4212,2.6309
269.5736,1.0646
269.726,-0.046800000000000175
269.8784,0.6214999999999997
270.0308,1.2081000000000004
270.1832,2.3735
270.3356,2.1651999999999996
270.488,2.6818999999999997
270.6404,2.6213999999999995
270.7928,1.7839999999999998
270.9452,1.4377999999999993
271.0976,2.1571
271.25,3.0797
271.4024,2.9013999999999998
271.5548,2.2696
271.7072,1.4365999999999994
271.8596,1.3843999999999999
272.012,2.7489
272.1644,3.5277000000000003
272.3168,2.7236000000000002
272.4692,1.4307999999999996
272.6216,-0.25760000000000005
272.774,-0.4181999999999997
272.9264,-0.4270000000000005
273.0788,0.10390000000000033
273.2312,-1.2537000000000003
273.3836,-0.9020000000000001
273.536,-0.16900000000000048
273.6884,-0.00039999999999995595
273.8408,0.1557000000000004
273.9932,-2.1171999999999995
274.1456,-2.4513
274.298,-2.0437000000000003
274.4504,-2.4345
274.6028,-2.3038999999999996
274.7552,-1.9918999999999998
274.9076,-0.7405999999999997
275.06,-0.7125999999999992
275.2124,-1.8788999999999998
275.3648,-1.0015999999999998
275.5172,-1.1863000000000001
275.6696,1.1662
275.822,3.197400000000001
275.9744,3.9814999999999996
276.1268,3.5081000000000007
276.2792,2.3426
276.4316,1.8426
276.584,1.9356
276.7364,1.5038
276.8888,0.8380000000000001
277.0412,-0.10820000000000007
277.1936,0.7730000000000006
277.346,1.2706999999999997
277.4984,0.40649999999999986
277.6508,-0.05290000000000017
277.8032,-1.0980999999999996
277.9556,-1.2192999999999996
278.108,-1.1323999999999996
278.2604,-0.9954000000000001
278.4128,-0.7979000000000003
278.5652,-0.9590999999999994
278.7176,-1.3446999999999996
278.87,-1.2957999999999998
279.0224,-0.03589999999999982
279.1748,0.9141000000000004
279.3272,2.2386
279.4796,2.4455
279.632,2.4205000000000005
279.7844,1.4957999999999991
279.9368,0.8834
280.0892,1.4325
280.2416,3.817799999999999
280.394,2.4991000000000003
280.5464,1.7593000000000005
280.6988,0.9002999999999997
280.8512,1.4947
281.0036,0.33590000000000053
281.156,1.2352999999999996
281.3084,2.0422000000000002
281.4608,2.8515000000000006
281.6132,5.3671999999999995
281.7656,5.7605
281.918,5.105600000000001
282.0704,5.63
282.2228,5.237399999999999
282.3752,4.8077000000000005
282.5276,3.5642999999999994
282.68,3.5305
282.8324,3.3006
282.9848,2.1033999999999997
283.1372,2.7844999999999995
283.2896,1.5185000000000004
283.442,1.0938999999999997
283.5944,1.4962
283.7468,2.174999999999999
283.8992,3.527100000000001
284.0516,5.0615
284.204,5.698600000000001
284.3564,4.347200000000001
284.5088,2.5512999999999995
284.6612,0.7728000000000002
284.8136,-0.48490000000000055
284.966,-0.5621
285.1184,0.7399000000000004
285.2708,0.5968
285.4232,0.6894
285.5756,0.6628999999999996
285.728,0.4443999999999999
285.8804,0.02260000000000062
286.0328,0.28279999999999994
286.1852,0.6968999999999994
286.3376,0.9097
286.49,0.3674999999999997
286.6424,0.08220000000000027
286.7948,-0.0470000000000006
286.9472,-1.0035999999999996
287.0996,-0.6551
287.252,-1.5497000000000005
287.4044,-1.7396999999999991
287.5568,-0.07019999999999982
287.7092,-0.2181999999999995
287.8616,-0.42629999999999946
288.014,-0.29460000000000086
288.1664,-0.28850000000000087
288.3188,-1.0209000000000001
288.4712,-1.3299000000000003
288.6236,-0.6379000000000001
288.776,-2.4038999999999993
288.9284,-2.5145999999999997
289.0808,-4.293400000000001
289.2332,-5.4901
289.3856,-4.4904
289.538,-3.4793000000000003
289.6904,-3.0797
289.8428,-2.1568999999999994
289.9952,-0.6432000000000002
290.1476,0.5002000000000013
290.3,-0.47440000000000015
290.4524,0.02059999999999995
290.6048,-0.24369999999999958
290.7572,-0.18939999999999912
290.9096,-1.7023000000000001
291.062,-2.2545
291.2144,-3.8518
291.3668,-3.5570999999999993
291.5192,-3.8827000000000007
291.6716,-6.061599999999999
291.824,-6.612300000000001
291.9764,-5.6059
292.1288,-2.9608
292.2812,-1.2075000000000005
292.4336,0.7057000000000002
292.586,2.0795000000000003
292.7384,0.46889999999999965
292.8908,2.1768
293.0432,1.5195999999999996
293.1956,2.5869
293.348,2.215
293.5004,2.3171
293.6528,1.3742999999999999
293.8052,-0.07829999999999959
293.9576,-1.1977000000000002
294.11,-0.20259999999999945
294.2624,-0.08060000000000045
294.4148,0.5955000000000004
294.5672,-0.5145999999999997
294.7196,0.46609999999999996
294.872,0.5007999999999999
295.0244,1.1830999999999996
295.1768,0.1122999999999994
295.3292,-0.28750000000000053
295.4816,-0.1144999999999996
295.634,0.9779999999999998
295.7864,1.4013000000000009
295.9388,2.37
296.0912,2.482100000000001
296.2436,2.4762999999999993
296.396,1.7064000000000004
296.5484,1.1292999999999997
296.7008,1.0110999999999999
296.8532,1.5768000000000004
297.0056,-0.3485000000000005
297.158,-1.4333999999999998
297.3104,-1.7485
297.4628,-1.3034
297.6152,-1.7198000000000002
297.7676,-2.5611000000000006
297.92,-1.0713
298.0724,-1.9432999999999998
298.2248,-0.8296000000000001
298.3772,-0.7116000000000007
298.5296,1.5296999999999992
298.682,2.7608999999999995
298.8344,2.9821
298.9868,1.2553999999999998
299.1392,0.5712999999999999
299.2916,1.5522999999999998
299.444,2.187900000000001
299.5964,1.6663999999999994
299.7488,1.1600000000000001
299.9012,1.976
300.0536,0.7805
300.206,-0.023299999999999876
300.3584,1.6829
300.5108,0.01100000000000012
300.6632,0.7721
300.8156,-0.8498000000000001
300.968,0.4356
301.1204,-0.0979000000000001
301.2728,0.3094000000000001
301.4252,0.7823000000000002
301.5776,2.5820999999999996
301.73,2.6793000000000005
301.8824,2.4124
302.0348,0.39399999999999924
302.1872,2.1525
302.3396,1.6385000000000005
302.492,1.5636999999999999
302.6444,1.8950999999999993
302.7968,1.1565000000000003
302.9492,3.2481
303.1016,2.904299999999999
303.254,1.9519000000000002
303.4064,2.552299999999999
303.5588,0.8881999999999994
303.7112,2.2272
303.8636,2.0098000000000003
304.016,4.2291
304.1684,3.808699999999999
304.3208,3.5311000000000003
304.4732,4.2635000000000005
304.6256,5.4641
304.778,6.5987
304.9304,6.7856
305.0828,4.4853
305.2352,3.881800000000001
305.3876,2.7724
305.54,2.3195000000000006
305.6924,1.1842999999999995
305.8448,0.6748000000000003
305.9972,-0.8098999999999998
306.1496,-2.4536
306.302,-3.4330999999999996
306.4544,-3.3365
306.6068,-2.6864999999999997
306.7592,-2.7904
306.9116,-2.9623999999999997
307.064,-3.1143
307.2164,-1.4035000000000002
307.3688,-1.6094999999999997
307.5212,-2.8744999999999994
307.6736,-1.7853000000000003
307.826,-1.4771999999999998
307.9784,-2.2672999999999996
308.1308,-2.2366
308.2832,-2.1652000000000005
308.4356,-1.5061999999999998
308.588,-0.33950000000000014
308.7404,0.6608
308.8928,0.8723000000000001
309.0452,1.3899999999999997
309.1976,0.1507000000000005
309.35,-0.5458000000000016
309.5024,-0.170399999999999
309.6548,1.1510000000000016
309.8072,0.12119999999999997
309.9596,-0.5206999999999997
310.112,-0.9009999999999998
310.2644,-3.7044999999999995
310.4168,-3.5260999999999996
310.5692,-4.3468
310.7216,-3.9021
310.874,-1.9997999999999987
311.0264,-3.9379999999999997
311.1788,-2.4082999999999997
311.3312,-3.727900000000001
311.4836,-3.5659
311.636,-4.7022
311.7884,-4.372999999999999
311.9408,-2.4208999999999996
312.0932,-4.227200000000001
312.2456,-4.3256
312.398,-5.1485
312.5504,-5.259399999999999
312.7028,-3.4795
312.8552,-4.487900000000001
313.0076,-1.2341000000000006
313.16,-1.4098000000000006
313.3124,0.2054999999999998
313.4648,-0.8269000000000002
313.6172,1.3147000000000002
313.7696,1.8415999999999997
313.922,2.7417
314.0744,2.3311
314.2268,2.9354999999999993
314.3792,3.3431000000000006
314.5316,4.8473999999999995
314.684,4.883699999999999
314.8364,3.1976000000000004
314.9888,3.943299999999999
315.1412,4.1432
315.2936,2.5841000000000003
315.446,2.0499
315.5984,2.6292999999999997
315.7508,2.3394000000000004
315.9032,1.6134000000000004
316.0556,0.4131999999999998
316.208,-1.2138
316.3604,-2.2986000000000004
316.5128,-1.8430999999999997
316.6652,-2.7005999999999997
316.8176,-3.1470000000000002
316.97,-2.551799999999999
317.1224,-3.000000000000001
317.2748,-3.387900000000001
317.4272,-3.0144
317.5796,-1.8750000000000009
317.732,-1.3479
317.8844,1.1993
318.0368,2.1187999999999994
318.1892,1.7542
318.3416,0.4692000000000007
318.494,-0.7387000000000006
318.6464,0.3708
318.7988,1.7185999999999995
318.9512,2.7245999999999997
319.1036,2.2869
319.256,0.46750000000000025
319.4084,1.455400000000001
319.5608,2.2805
319.7132,3.018
319.8656,2.510299999999999
320.018,1.9421999999999997
320.1704,3.4107000000000003
320.3228,2.6233000000000004
320.4752,4.5674
320.6276,1.9388999999999994
320.78,2.3712
320.9324,3.061000000000001
321.0848,3.4628000000000005
321.2372,2.2146
321.3896,2.5279000000000007
321.542,1.6281999999999996
321.6944,1.9616000000000007
321.8468,1.2426000000000013
321.9992,1.4769999999999994
322.1516,0.1144999999999996
322.304,0.4905000000000008
322.4564,1.4328000000000003
322.6088,1.876900000000001
322.7612,1.9475999999999996
322.9136,2.4121999999999995
323.066,1.6765999999999988
323.2184,0.46890000000000054
323.3708,1.398299999999999
323.5232,0.8083
323.6756,3.2609000000000004
323.828,4.529
323.9804,5.9828
324.1328,5.299899999999999
324.2852,4.9852
324.4376,5.859800000000001
324.59,4.3859
324.7424,4.6415
324.8948,4.063899999999999
325.0472,4.4792000000000005
325.1996,4.909200000000001
325.352,4.442100000000001
325.5044,2.019000000000001
325.6568,2.183700000000001
325.8092,1.9597000000000007
325.9616,3.2231999999999994
326.114,2.9539999999999997
326.2664,3.0159000000000002
326.4188,0.27690000000000126
326.5712,-0.8917000000000002
326.7236,-0.7148000000000003
326.876,-0.14639999999999986
327.0284,-1.508700000000001
327.1808,-3.5665000000000004
327.3332,-3.0324
327.4856,-1.6395999999999997
327.638,0.25680000000000014
327.7904,-1.295
327.9428,-0.8006000000000011
328.0952,-1.1212
328.2476,-0.8400999999999996
328.4,-0.06610000000000049
328.5524,-1.0898000000000003
328.7048,-0.8824000000000005
328.8572,-1.6363000000000003
329.0096,-4.7685
329.162,-5.144299999999999
329.3144,-4.822500000000001
329.4668,-3.230900000000001
329.6192,-3.2033999999999994
329.7716,-2.0387999999999993
329.924,-1.3659
330.0764,-2.5845000000000002
330.2288,-2.9711
330.3812,-1.9373000000000005
330.5336,0.08230000000000004
330.686,3.0587000000000018
330.8384,3.8195999999999994
330.9908,4.0237
331.1432,3.4226
331.2956,3.1737
331.448,0.49520000000000053
331.6004,-0.062099999999999156
331.7528,0.8222000000000005
331.9052,1.5114
332.0576,1.4289999999999985
332.21,0.08769999999999989
332.3624,-0.2522000000000002
332.5148,2.1212
332.6672,1.563699999999999
332.8196,-0.23770000000000024
332.972,-1.9756
333.1244,1.6082999999999998
333.2768,0.7736000000000001
333.4292,1.1769999999999996
333.5816,0.06930000000000014
333.734,-0.09539999999999971
333.8864,-0.7297999999999991
334.0388,-0.001300000000000523
334.1912,-1.7020999999999988
334.3436,-0.7618999999999989
334.496,0.5974000000000004
334.6484,3.028500000000001
334.8008,2.0589000000000004
334.9532,1.3325000000000005
335.1056,-0.5124999999999993
335.258,-1.0747
335.4104,-0.08530000000000015
335.5628,-0.40889999999999915
335.7152,-1.2036999999999995
335.8676,-1.4854999999999992
336.02,-2.0961
336.1724,-1.8904000000000005
336.3248,-1.5704000000000002
336.4772,0.11020000000000074
336.6296,3.5331
336.782,4.296900000000001
336.9344,2.7456000000000005
337.0868,1.4789000000000003
337.2392,1.5629999999999997
337.3916,0.6848999999999998
337.544,-0.15479999999999983
337.6964,0.10849999999999937
337.8488,1.0673999999999992
338.0012,-1.2044999999999995
338.1536,-1.3838999999999988
338.306,-3.484300000000001
338.4584,-4.0501
338.6108,-4.650599999999999
338.7632,-3.1889000000000003
338.9156,-2.6395999999999997
339.068,-1.110100000000001
339.2204,-1.5454000000000008
339.3728,-3.446299999999999
339.5252,-2.617700000000001
339.6776,-3.4509999999999987
339.83,-2.2995
339.9824,-3.000399999999999
340.1348,-4.301399999999999
340.2872,-3.9882
340.4396,-2.4488000000000003
340.592,-1.4346000000000005
340.7444,-3.4099000000000004
340.8968,-2.136700000000001
341.0492,-1.995800000000001
341.2016,-2.4115
341.354,-2.4341
341.5064,-2.4434000000000005
341.6588,-2.0712
341.8112,-1.1444
341.9636,-1.0864000000000003
342.116,-1.1469000000000005
342.2684,-1.6027000000000005
342.4208,0.5050999999999988
342.5732,0.14639999999999986
342.7256,0.9130000000000003
342.878,-0.7992999999999997
343.0304,-0.7000000000000011
343.1828,1.541599999999999
343.3352,1.5381
343.4876,2.9575000000000005
343.64,1.7165
343.7924,2.2717
343.9448,1.9112
344.0972,0.24209999999999887
344.2496,-0.5376999999999992
344.402,-1.7376000000000005
344.5544,-0.47250000000000014
344.7068,0.20319999999999983
344.8592,0.6137999999999995
345.0116,0.39480000000000004
345.164,0.08749999999999858
345.3164,0.07010000000000005
345.4688,-0.17809999999999881
345.6212,1.5221
345.7736,1.7711999999999986
345.926,1.1835000000000004
346.0784,1.8870999999999993
346.2308,1.8146000000000004
346.3832,0.03359999999999985
346.5356,-1.316600000000001
346.688,-2.0676999999999985
346.8404,-0.6849000000000007
346.9928,1.281699999999999
347.1452,0.9411000000000005
347.2976,1.9463999999999988
347.45,3.6259999999999994
347.6024,4.9503
347.7548,3.7063000000000006
347.9072,3.1816000000000004
348.0596,2.3564000000000007
348.212,2.696699999999999
348.3644,4.1007
348.5168,1.4049000000000014
348.6692,0.6332000000000004
348.8216,1.4030000000000005
348.974,1.065599999999999
349.1264,1.9512999999999998
349.2788,1.3744000000000005
349.4312,2.1145999999999994
349.5836,1.5682
349.736,2.0074000000000005
349.8884,0.7855999999999987
350.0408,-0.3523999999999994
350.1932,1.4269999999999996
350.3456,1.4924999999999997
350.498,1.7894999999999994
350.6504,0.7843999999999998
350.8028,-1.027099999999999
350.9552,-0.5989000000000004
351.1076,-1.3314000000000004
351.26,-0.9893000000000001
351.4124,-1.5431999999999997
351.5648,-1.6803
351.7172,-1.5470999999999995
351.8696,-1.9937000000000005
352.022,-0.1905000000000001
352.1744,-0.07270000000000021
352.3268,0.42240000000000055
352.4792,-0.4233999999999991
352.6316,0.6120000000000001
352.784,0.49680000000000035
352.9364,0.45480000000000054
353.0888,-1.259900000000001
353.2412,-0.9547000000000008
353.3936,-1.3855999999999984
353.546,-1.8948
353.6984,-3.2666999999999993
353.8508,-4.207300000000001
354.0032,-2.0523999999999996
354.1556,-3.215399999999999
354.308,-2.4655000000000005
354.4604,-4.041599999999999
354.6128,-4.411099999999999
354.7652,-3.1030999999999995
354.9176,-3.8488999999999995
355.07,-4.430899999999999
355.2224,-4.049200000000001
355.3748,-2.3023000000000007
355.5272,-2.0755
355.6796,-3.0330000000000013
355.832,-1.6864999999999988
355.9844,-3.9992
356.1368,-0.6781000000000006
356.2892,0.15220000000000056
356.4416,-1.5135000000000005
356.594,0.36240000000000094
356.7464,-0.40520000000000067
356.8988,0.06770000000000032
357.0512,-0.15609999999999946
357.2036,-1.3244000000000007
357.356,-0.9212000000000007
357.5084,-1.1997999999999989
357.6608,0.5389999999999997
357.8132,-2.9894999999999996
357.9656,-3.3783000000000003
358.118,-3.2150999999999996
358.2704,-4.4784999999999995
358.4228,-4.1483
358.5752,-4.3067
358.7276,-4.419600000000001
358.88,-2.3586
359.0324,-2.0931999999999995
359.1848,-2.4314
359.3372,-2.3433
359.4896,-0.6825000000000001
359.642,-1.8980000000000006
359.7944,-0.6065000000000005
359.9468,-0.29820000000000046
360.0992,0.3672000000000004
360.2516,-1.6389000000000005
360.404,-1.9346999999999994
360.5564,-2.7855
360.7088,-1.9962999999999997
360.8612,-2.521799999999999
361.0136,-3.3713000000000006
361.166,-0.7450999999999999
361.3184,0.2594999999999992
361.4708,1.4634
361.6232,0.6211000000000002
361.7756,2.3607999999999993
361.928,1.7877999999999998
362.0804,1.6315
362.2328,1.0181999999999993
362.3852,0.5228999999999999
362.5376,1.2361000000000004
362.69,1.0486000000000004
362.8424,-2.0341999999999993
362.9948,-3.282
363.1472,-1.5022000000000002
363.2996,-1.5485999999999995
363.452,-2.4391000000000007
363.6044,-1.5405999999999995
363.7568,-3.0133
363.9092,-3.5361000000000002
364.0616,-2.7647999999999993
364.214,-2.2625
364.3664,-1.5093999999999994
364.5188,-0.9871000000000008
364.6712,0.025500000000000078
364.8236,0.15640000000000054
364.976,1.5182000000000002
365.1284,3.3500000000000005
365.2808,3.0170000000000012
365.4332,4.814299999999999
365.5856,5.074800000000001
365.738,5.267099999999999
365.8904,5.9211
366.0428,4.936699999999999
366.1952,6.480899999999999
366.3476,5.486000000000001
366.5,4.5178
366.6524,3.6895999999999995
366.8048,4.8099
366.9572,5.2881
367.1096,3.8328999999999995
367.262,2.0810000000000004
367.4144,0.013500000000000512
367.5668,-0.7260999999999997
367.7192,0.9614999999999991
367.8716,1.4505000000000008
368.024,1.7074999999999996
368.1764,3.0142999999999995
368.3288,4.0734
368.4812,4.434699999999999
368.6336,4.758500000000001
368.786,2.9652000000000003
368.9384,2.3720000000000008
369.0908,2.0326999999999993
369.2432,3.4274999999999993
369.3956,0.4466999999999999
369.548,1.0317999999999996
369.7004,0.6753999999999998
369.8528,1.5484999999999998
370.0052,-0.4435000000000002
370.1576,-0.6596000000000002
370.31,-1.2643000000000004
370.4624,1.0309999999999997
370.6148,1.0827999999999998
370.7672,0.5392999999999999
370.9196,0.7482999999999995
371.072,1.5646000000000004
371.2244,1.9596
371.3768,1.4810999999999996
371.5292,1.8419999999999996
371.6816,2.5024999999999995
371.834,1.1940999999999997
371.9864,0.6348000000000003
372.1388,1.271300000000001
372.2912,0.8552999999999997
372.4436,2.147899999999999
372.596,0.6571999999999996
372.7484,-1.9344000000000001
372.9008,-3.2806000000000015
373.0532,-2.8543000000000003
373.2056,-4.039000000000001
373.358,-4.8035
373.5104,-5.0297
373.6628,-3.8306999999999993
373.8152,-5.1762999999999995
373.9676,-3.9182000000000006
374.12,-4.2218
374.2724,-2.5704000000000002
374.4248,-3.2805999999999997
374.5772,-3.2379
374.7296,-4.4735
374.882,-1.2293000000000003
375.0344,0.9132999999999996
375.1868,0.2361999999999993
375.3392,-3.3209
375.4916,-2.2514000000000003
375.644,-0.23199999999999932
375.7964,-0.12929999999999886
375.9488,-0.5754999999999999
376.1012,-0.7525999999999993
376.2536,-1.3745000000000012
376.406,-1.1740000000000013
376.5584,-0.5163000000000011
376.7108,-0.5477999999999987
376.8632,-2.4764999999999997
377.0156,-0.9371999999999998
377.168,-1.6306999999999992
377.3204,-2.4231999999999996
377.4728,-2.8087
377.6252,-1.5473
377.7776,-0.9653
377.93,-1.0893000000000006
378.0824,-0.35080000000000044
378.2348,0.7517000000000005
378.3872,0.2865000000000011
